@id,@lon,@lat,crossing,step_count,surface,incline,highway,step,sidewalk,any
30972881,-3.2247296,51.5159764,zebra,,,,crossing,,,crossing
30972885,-3.2297834,51.5188729,uncontrolled,,,,crossing,,,crossing
30994938,-3.2563093,51.473286,traffic_signals,,,,crossing,,,crossing
31571327,-3.2645328,51.5233328,zebra,,,,crossing,,,crossing
31591782,-3.2280858,51.484905,traffic_signals,,,,crossing,,,crossing
31591810,-3.218745,51.4825438,zebra,,,,crossing,,,crossing
33117989,-3.1665253,51.4631379,uncontrolled,,,,crossing,,,crossing
33117995,-3.1663165,51.4639411,uncontrolled,,,,crossing,,,crossing
33189973,-3.1314335,51.5091311,traffic_signals,,,,traffic_signals,,,crossing
79890564,-3.1978075,51.4815305,traffic_signals,,,,crossing,,,crossing
207052985,-3.2191589,51.4829827,zebra,,,,crossing,,,crossing
207065350,-3.2100325,51.4883912,uncontrolled,,,,crossing,,,crossing
207109093,-3.1947261,51.4690599,uncontrolled,,,,crossing,,,crossing
243216502,-3.2518415,51.4705217,unmarked,,,,crossing,,,crossing
243216504,-3.2541147,51.4702652,zebra,,,,crossing,,,crossing
243216507,-3.2591084,51.4706638,pelican,,,,crossing,,,crossing
244026562,-3.2465918,51.4798965,unmarked,,,,,,,crossing
252451139,-3.187864,51.4620963,zebra,,,,crossing,,,crossing
256889010,-3.1808108,51.490264,traffic_signals,,,,crossing,,,crossing
259519723,-3.1502914,51.4910632,traffic_signals,,,,crossing,,,crossing
260314167,-3.1868494,51.4565413,zebra,,,,crossing,,,crossing
263212428,-3.2149795,51.5084249,zebra,,,,crossing,,,crossing
263213586,-3.2241933,51.5156741,zebra,,,,crossing,,,crossing
263217434,-3.1908423,51.4980303,zebra,,,,crossing,,,crossing
263233606,-3.1657799,51.4674616,traffic_signals,,,,crossing,,,crossing
263233798,-3.1666234,51.4686037,traffic_signals,,,,crossing,,,crossing
263233799,-3.1678881,51.4702733,traffic_signals,,,,crossing,,,crossing
263233800,-3.1683136,51.4709685,traffic_signals,,,,crossing,,,crossing
263233801,-3.1692396,51.4720692,traffic_signals,,,,crossing,,,crossing
266770199,-3.1301799,51.5356663,zebra,,,,crossing,,,crossing
286574892,-3.1926994,51.5380456,uncontrolled,,,,crossing,,,crossing
287150563,-3.1925425,51.541241,zebra,,,,crossing,,,crossing
287941796,-3.2277755,51.5086276,zebra,,,,crossing,,,crossing
289668211,-3.1665566,51.4843457,traffic_signals,,,,crossing,,,crossing
325689064,-3.1865003,51.4810928,traffic_signals,,,,crossing,,,crossing
338430533,-3.1758221,51.4841833,traffic_signals,,,,crossing,,,crossing
345635387,-3.1748932,51.4776941,zebra,,,,crossing,,,crossing
457491061,-3.1162086,51.5195317,traffic_signals,,,,traffic_signals,,,crossing
457491261,-3.1166712,51.518968,traffic_signals,,,,traffic_signals,,,crossing
534161303,-3.139019,51.5016216,traffic_signals,,,,crossing,,,crossing
534163429,-3.1331073,51.5082857,traffic_signals,,,,crossing,,,crossing
534165775,-3.1209571,51.5164977,traffic_signals,,,,crossing,,,crossing
544946984,-3.1121678,51.5253075,traffic_signals,,,,traffic_signals,,,crossing
559956265,-3.1437465,51.486073,uncontrolled,,,,crossing,,,crossing
579923294,-3.2391945,51.4797888,traffic_signals,,,,crossing,,,crossing
579924875,-3.236641,51.4811718,traffic_signals,,,,crossing,,,crossing
579931282,-3.2363484,51.481531,pelican,,,,crossing,,,crossing
580026305,-3.2326493,51.4835215,pelican,,,,crossing,,,crossing
580029666,-3.2283072,51.4881047,pelican,,,,crossing,,,crossing
580826069,-3.2417185,51.4840047,zebra,,,,crossing,,,crossing
580841188,-3.2466475,51.4800378,unmarked,,,,,,,crossing
580842632,-3.2442155,51.4815959,zebra,,,,crossing,,,crossing
580843447,-3.2432417,51.4816745,unmarked,,,,crossing,,,crossing
580843466,-3.243307,51.4815996,unmarked,,,,crossing,,,crossing
581059457,-3.1793098,51.4786298,traffic_signals,,,,crossing,,,crossing
581063732,-3.1922763,51.4811185,traffic_signals,,,,crossing,,,crossing
582527132,-3.2485949,51.4711732,zebra,,,,crossing,,,crossing
582527194,-3.248649,51.4712692,unmarked,,,,crossing,,,crossing
582527318,-3.2485425,51.4710857,unmarked,,,,crossing,,,crossing
582530020,-3.2562982,51.470284,zebra,,,,crossing,,,crossing
582530210,-3.2562805,51.4703849,unmarked,,,,crossing,,,crossing
582531468,-3.260015,51.4708144,pelican,,,,crossing,,,crossing
620865277,-3.1877668,51.4589912,zebra,,,,crossing,,,crossing
642113904,-3.2229652,51.4836401,traffic_signals,,,,crossing,,,crossing
643202717,-3.214126,51.482673,traffic_signals,,,,crossing,,,crossing
643202726,-3.2112538,51.4825761,traffic_signals,,,,crossing,,,crossing
643202729,-3.2110098,51.4824599,pelican,,,,crossing,,,crossing
643202732,-3.2110742,51.4826521,pelican,,,,crossing,,,crossing
643202734,-3.2107691,51.4825456,traffic_signals,,,,crossing,,,crossing
643202736,-3.2081723,51.4822798,traffic_signals,,,,crossing,,,crossing
643202738,-3.2053355,51.4819434,traffic_signals,,,,crossing,,,crossing
643229773,-3.2022421,51.4817453,traffic_signals,,,,crossing,,,crossing
643229778,-3.2009282,51.4815264,traffic_signals,,,,crossing,,,crossing
643646984,-3.2252867,51.488283,pelican,,,,crossing,,,crossing
643646989,-3.2247913,51.4886755,pelican,,,,crossing,,,crossing
651486685,-3.2551834,51.4769945,pelican,,,,crossing,,,crossing
651486689,-3.2553322,51.4771194,pelican,,,,crossing,,,crossing
651486691,-3.2549308,51.4771088,pelican,,,,crossing,,,crossing
651486701,-3.2550709,51.4772232,pelican,,,,crossing,,,crossing
651495844,-3.2553184,51.4778321,zebra,,,,crossing,,,crossing
653822261,-3.2435592,51.4817495,unmarked,,,,crossing,,,crossing
668725313,-3.1864734,51.4810087,traffic_signals,,,,crossing,,,crossing
668725316,-3.1850609,51.4809924,traffic_signals,,,,crossing,,,crossing
742398360,-3.1757118,51.484259,traffic_signals,,,,crossing,,,crossing
761373120,-3.2698831,51.4653933,pelican,,,,crossing,,,crossing
762270658,-3.1716208,51.4749436,traffic_signals,,,,traffic_signals,,,crossing
765091711,-3.1629482,51.4670915,uncontrolled,,,,crossing,,,crossing
765091734,-3.1619942,51.4675405,uncontrolled,,,,crossing,,,crossing
822651637,-3.1834509,51.4809946,pelican,,,,crossing,,,crossing
823314903,-3.2701718,51.4764234,traffic_signals,,,,crossing,,,crossing
823314913,-3.2699934,51.4764097,traffic_signals,,,,crossing,,,crossing
823314915,-3.2701791,51.4762029,traffic_signals,,,,crossing,,,crossing
823314924,-3.2699219,51.4761428,traffic_signals,,,,crossing,,,crossing
1000801834,-3.1998781,51.4730441,uncontrolled,,,,crossing,,,crossing
1016000877,-3.2183307,51.4828888,uncontrolled,,,,crossing,,,crossing
1036629393,-3.1581143,51.4888922,traffic_signals,,,,crossing,,,crossing
1037781625,-3.206999,51.4730965,traffic_signals,,,,crossing,,,crossing
1037781719,-3.2071076,51.4730207,traffic_signals,,,,crossing,,,crossing
1039922666,-3.1679391,51.483525,traffic_signals,,,,crossing,,,crossing
1039922900,-3.1694492,51.4830271,uncontrolled,,,,crossing,,,crossing
1039923168,-3.1680356,51.4834828,traffic_signals,,,,crossing,,,crossing
1039923184,-3.1696686,51.4829807,uncontrolled,,,,crossing,,,crossing
1043561347,-3.2075124,51.4733384,traffic_signals,,,,crossing,,,crossing
1043865066,-3.2034118,51.4742642,uncontrolled,,,,crossing,,,crossing
1043865097,-3.203195,51.4738593,uncontrolled,,,,crossing,,,crossing
1043865423,-3.2033408,51.4741299,uncontrolled,,,,crossing,,,crossing
1043865915,-3.2034729,51.4744059,uncontrolled,,,,crossing,,,crossing
1043865940,-3.2032867,51.4739978,uncontrolled,,,,crossing,,,crossing
1043985205,-3.2114529,51.4787573,uncontrolled,,,,crossing,,,crossing
1055323151,-3.1912193,51.4770427,traffic_signals,,,,crossing,,,crossing
1096934825,-3.1695895,51.4627183,uncontrolled,,,,crossing,,,crossing
1097110296,-3.1675697,51.4630102,uncontrolled,,,,crossing,,,crossing
1099557795,-3.1855159,51.4558236,zebra,,,,crossing,,,crossing
1099557799,-3.1855993,51.4566894,zebra,,,,crossing,,,crossing
1099557808,-3.1862339,51.4556344,zebra,,,,crossing,,,crossing
1099557820,-3.1855135,51.4565549,zebra,,,,crossing,,,crossing
1099557835,-3.186974,51.4589916,zebra,,,,crossing,,,crossing
1099557836,-3.1870571,51.4591211,zebra,,,,crossing,,,crossing
1099557844,-3.1854304,51.4564203,zebra,,,,crossing,,,crossing
1103759814,-3.2069246,51.4884511,traffic_signals,,,,crossing,,,crossing
1108141273,-3.1858769,51.4563101,zebra,,,,crossing,,,crossing
1108141281,-3.1857047,51.456031,zebra,,,,crossing,,,crossing
1108141311,-3.1856223,51.4558992,zebra,,,,crossing,,,crossing
1108141346,-3.1860459,51.4565807,zebra,,,,crossing,,,crossing
1108141355,-3.1857857,51.456158,zebra,,,,crossing,,,crossing
1108141365,-3.1849805,51.4554721,zebra,,,,crossing,,,crossing
1108141372,-3.1859628,51.4564471,zebra,,,,crossing,,,crossing
1108187038,-3.1869432,51.4577924,zebra,,,,crossing,,,crossing
1108187354,-3.1868964,51.4599879,zebra,,,,crossing,,,crossing
1108187767,-3.1866065,51.4566008,zebra,,,,crossing,,,crossing
1108187936,-3.1872822,51.4592563,zebra,,,,crossing,,,crossing
1108188100,-3.187504,51.4595234,zebra,,,,crossing,,,crossing
1108188291,-3.1873219,51.4602042,zebra,,,,crossing,,,crossing
1108188396,-3.187925,51.4597379,zebra,,,,crossing,,,crossing
1108188771,-3.1860359,51.4566764,zebra,,,,crossing,,,crossing
1108440907,-3.1884981,51.4784011,uncontrolled,,,,crossing,,,crossing
1110303863,-3.1872729,51.4623242,zebra,,,,crossing,,,crossing
1110303877,-3.1876881,51.4624244,zebra,,,,crossing,,,crossing
1113926018,-3.2134814,51.488965,uncontrolled,,,,crossing,,,crossing
1117732807,-3.2191173,51.4892079,uncontrolled,,,,crossing,,,crossing
1123292809,-3.205999,51.4991292,zebra,,,,crossing,,,crossing
1123292862,-3.2060736,51.49899,zebra,,,,crossing,,,crossing
1123292942,-3.2075574,51.4983046,zebra,,,,crossing,,,crossing
1123293032,-3.2059272,51.49927,zebra,,,,crossing,,,crossing
1132658067,-3.1674259,51.4794732,traffic_signals,,,,crossing,,,crossing
1132658075,-3.1673951,51.479586,traffic_signals,,,,crossing,,,crossing
1141936913,-3.1292394,51.5347017,zebra,,,,crossing,,,crossing
1141937108,-3.1284823,51.535927,zebra,,,,crossing,,,crossing
1141937215,-3.128874,51.5360796,zebra,,,,crossing,,,crossing
1141937270,-3.1284805,51.5354317,zebra,,,,crossing,,,crossing
1147573502,-3.2469452,51.4964495,zebra,,,,crossing,,,crossing
1151949617,-3.1765738,51.5171105,traffic_signals,,,,crossing,,,crossing
1170686659,-3.1901078,51.4939296,traffic_signals,,,,crossing,,,crossing
1170752648,-3.1884983,51.492581,traffic_signals,,,,crossing,,,crossing
1185634888,-3.2375036,51.503365,uncontrolled,,,,crossing,,,crossing
1188903339,-3.2119993,51.4792738,uncontrolled,,,,crossing,,,crossing
1205951889,-3.168364,51.4703121,pelican,,,,crossing,,,crossing
1206401877,-3.1681723,51.4703079,pelican,,,,crossing,,,crossing
1206401909,-3.1688799,51.4709918,pelican,,,,crossing,,,crossing
1206401937,-3.1684852,51.4707397,pelican,,,,crossing,,,crossing
1206401954,-3.1686931,51.4707489,pelican,,,,crossing,,,crossing
1206401958,-3.1686831,51.470987,pelican,,,,crossing,,,crossing
1206442529,-3.1701962,51.4734414,traffic_signals,,,,crossing,,,crossing
1233711014,-3.1737785,51.4845219,traffic_signals,,,,crossing,,,crossing
1233711069,-3.1738385,51.4846198,traffic_signals,,,,crossing,,,crossing
1233811732,-3.1643576,51.4850367,traffic_signals,,,,crossing,,,crossing
1233811761,-3.1645488,51.4850715,traffic_signals,,,,crossing,,,crossing
1235796821,-3.1733949,51.4757845,traffic_signals,,,,crossing,,,crossing
1242996406,-3.2058955,51.5094856,uncontrolled,,,,crossing,,,crossing
1291575705,-3.1560049,51.4795148,traffic_signals,,,,crossing,,,crossing
1297126608,-3.187517,51.5007629,traffic_signals,,,,crossing,,,crossing
1297250321,-3.1890422,51.5016972,traffic_signals,,,,crossing,,,crossing
1318719406,-3.2693699,51.4741679,zebra,,,,crossing,,,crossing
1366762423,-3.1943528,51.5380762,uncontrolled,,,,crossing,,,crossing
1394718094,-3.1631097,51.5102434,zebra,,,,crossing,,,crossing
1430327728,-3.178232,51.483319,traffic_signals,,,,crossing,,,crossing
1496364568,-3.1696201,51.4627514,uncontrolled,,,,crossing,,,crossing
1496485293,-3.1698088,51.4761997,uncontrolled,,,,crossing,,,crossing
1500187251,-3.1620156,51.4676579,uncontrolled,,,,crossing,,,crossing
1559367734,-3.1953975,51.4803735,traffic_signals,,,,crossing,,,crossing
1671794397,-3.1937907,51.5385088,uncontrolled,,,,crossing,,,crossing
1855627697,-3.2166528,51.506663,zebra,,,,crossing,,,crossing
1863193344,-3.2246022,51.515673,zebra,,,,crossing,,,crossing
1863193347,-3.2248151,51.5158081,zebra,,,,crossing,,,crossing
1863193349,-3.2242076,51.5158549,zebra,,,,crossing,,,crossing
1893886212,-3.1850626,51.4810625,traffic_signals,,,,crossing,,,crossing
1956207846,-3.1808295,51.4795248,traffic_signals,,,,crossing,,,crossing
1956207861,-3.1833334,51.4808932,pelican,,,,crossing,,,crossing
1973897002,-3.2342649,51.4762255,traffic_signals,,,,crossing,,,crossing
1998891340,-3.2545366,51.4782006,zebra,,,,crossing,,,crossing
2022293256,-3.2069856,51.4727248,uncontrolled,,,,crossing,,,crossing
2274253354,-3.2137232,51.4919893,traffic_signals,,,,crossing,,,crossing
2274253358,-3.2138255,51.492101,traffic_signals,,,,crossing,,,crossing
2331802787,-3.21694,51.5267742,traffic_signals,,,,crossing,,,crossing
2364902387,-3.1506669,51.4910315,traffic_signals,,,,crossing,,,crossing
2364902390,-3.1504859,51.491049,traffic_signals,,,,crossing,,,crossing
2364902391,-3.1504363,51.4911651,traffic_signals,,,,crossing,,,crossing
2448076648,-3.24175,51.4783483,traffic_signals,,,,crossing,,,crossing
2906971237,-3.1742588,51.4768722,traffic_signals,,,,crossing,,,crossing
3061548760,-3.1871547,51.4592859,zebra,,,,crossing,,,crossing
3097969046,-3.1729173,51.4751837,traffic_signals,,,,crossing,,,crossing
3333027826,-3.2038053,51.5100851,traffic_signals,,,,crossing,,,crossing
3450642766,-3.1871765,51.50585,traffic_signals,,,,crossing,,,crossing
3450642779,-3.1889488,51.5060625,zebra,,,,crossing,,,crossing
3454244893,-3.1913326,51.5060182,zebra,,,,crossing,,,crossing
3454244897,-3.1888633,51.5062548,zebra,,,,crossing,,,crossing
3454244898,-3.1895358,51.5058376,zebra,,,,crossing,,,crossing
3454244911,-3.1901224,51.506004,zebra,,,,crossing,,,crossing
3454245028,-3.1919136,51.5070066,zebra,,,,crossing,,,crossing
3454245029,-3.1920452,51.5064361,zebra,,,,crossing,,,crossing
3454245041,-3.1858664,51.5068323,zebra,,,,crossing,,,crossing
3454245042,-3.18613,51.5059631,zebra,,,,crossing,,,crossing
3454245043,-3.1858373,51.505768,zebra,,,,crossing,,,crossing
3461929366,-3.1901933,51.5059499,zebra,,,,crossing,,,crossing
3749502958,-3.1672569,51.4796411,traffic_signals,,,,crossing,,,crossing
3749502970,-3.1677662,51.4795765,traffic_signals,,,,crossing,,,crossing
3749502973,-3.1677279,51.4794586,traffic_signals,,,,crossing,,,crossing
3749502990,-3.1693732,51.4788067,traffic_signals,,,,crossing,,,crossing
3749502991,-3.1693142,51.4787282,traffic_signals,,,,crossing,,,crossing
3749519232,-3.1691306,51.4786958,traffic_signals,,,,crossing,,,crossing
3749536686,-3.1742709,51.4769599,traffic_signals,,,,crossing,,,crossing
3750954758,-3.1716058,51.480319,traffic_signals,,,,crossing,,,crossing
3750954760,-3.1713699,51.4803023,traffic_signals,,,,crossing,,,crossing
3750954763,-3.1713435,51.4804929,traffic_signals,,,,crossing,,,crossing
3750954764,-3.1725219,51.4799315,traffic_signals,,,,crossing,,,crossing
3750954768,-3.1715404,51.4805108,traffic_signals,,,,crossing,,,crossing
3750960801,-3.1717973,51.4782878,traffic_signals,,,,crossing,,,crossing
3761464817,-3.1355563,51.5052045,traffic_signals,,,,crossing,,,crossing
3761482261,-3.1037497,51.5292513,traffic_signals,,,,crossing,,,crossing
3761482262,-3.1041896,51.5290561,traffic_signals,,,,crossing,,,crossing
3761552366,-3.172992,51.475281,traffic_signals,,,,crossing,,,crossing
3827068066,-3.1812373,51.4921061,traffic_signals,,,,crossing,,,crossing
3827068079,-3.1820071,51.496862,traffic_signals,,,,crossing,,,crossing
3845685641,-3.1296982,51.5357369,zebra,,,,crossing,,,crossing
3919534810,-3.1504015,51.4912488,traffic_signals,,,,crossing,,,crossing
3922064539,-3.1707794,51.47592,traffic_signals,,,,crossing,,,crossing
3922064542,-3.1707522,51.4760048,traffic_signals,,,,crossing,,,crossing
3932804497,-3.1644699,51.4852095,traffic_signals,,,,crossing,,,crossing
3932804498,-3.1646964,51.4849087,traffic_signals,,,,crossing,,,crossing
3992117799,-3.1691259,51.4847514,traffic_signals,,,,crossing,,,crossing
3992117804,-3.1668063,51.4843716,traffic_signals,,,,crossing,,,crossing
4192368016,-3.1637032,51.4775561,traffic_signals,,,,crossing,,,crossing
4192368018,-3.1634476,51.4775222,traffic_signals,,,,crossing,,,crossing
4379513959,-3.1906081,51.4674434,traffic_signals,,,,crossing,,,crossing
4379513962,-3.1906464,51.4676027,traffic_signals,,,,crossing,,,crossing
4497553492,-3.2001703,51.5139015,traffic_signals,,,,crossing,,,crossing
4497553497,-3.2007485,51.5169573,traffic_signals,,,,crossing,,,crossing
4596729297,-3.2388341,51.4800296,traffic_signals,,,,crossing,,,crossing
4596729298,-3.2391361,51.480046,traffic_signals,,,,crossing,,,crossing
4596729299,-3.2392615,51.4799195,traffic_signals,,,,crossing,,,crossing
4747039490,-3.1698602,51.4645128,uncontrolled,,,,crossing,,,crossing
4747083767,-3.2281664,51.5072032,traffic_signals,,,,crossing,,,crossing
1E+15,-3.1737322,51.4764409,,,asphalt,,primary,,both,sidewalk
1E+15,-3.2700321,51.4666624,,,asphalt,,trunk,,left,sidewalk
1E+15,-3.1935853,51.5138826,,,asphalt,,tertiary,,both,sidewalk
1E+15,-3.1928874,51.5283444,,,asphalt,,secondary,,both,sidewalk
1E+15,-3.0939396,51.5283613,,,asphalt,,unclassified,,both,sidewalk
1E+15,-3.1827031,51.4705049,,,asphalt,,tertiary,,both,sidewalk
1E+15,-3.1717519,51.475297,,,asphalt,,primary,,both,sidewalk
1E+15,-3.1121678,51.5253075,,,asphalt,,secondary,,both,sidewalk
1E+15,-3.1712012,51.4785068,,,asphalt,,unclassified,,left,sidewalk
1E+15,-3.1715801,51.4804878,,,asphalt,,unclassified,,left,sidewalk
1E+15,-3.1759236,51.4765415,,,asphalt,,service,,both,sidewalk
1E+15,-3.323954,51.5219227,,,asphalt,,residential,,both,sidewalk
1E+15,-3.219932,51.484318,,,,,residential,,both,sidewalk
1E+15,-3.2204451,51.4840934,,,,,residential,,both,sidewalk
1E+15,-3.2220668,51.4842673,,,,,residential,,both,sidewalk
1E+15,-3.2215404,51.4887466,,,,,tertiary,,both,sidewalk
1E+15,-3.2309967,51.4859051,,,asphalt,,residential,,both,sidewalk
1E+15,-3.2190958,51.4868252,,,,,residential,,both,sidewalk
1E+15,-3.222474,51.4873807,,,,,residential,,both,sidewalk
1E+15,-3.2254338,51.4865092,,,,,residential,,both,sidewalk
1E+15,-3.2229117,51.4855995,,,,,residential,,both,sidewalk
1E+15,-3.2213626,51.4867373,,,,,residential,,both,sidewalk
1E+15,-3.2213594,51.484809,,,,,residential,,both,sidewalk
1E+15,-3.2211512,51.4844844,,,,,residential,,both,sidewalk
1E+15,-3.2244904,51.4867793,,,,,residential,,both,sidewalk
1E+15,-3.2235702,51.4854394,,,,,residential,,both,sidewalk
1E+15,-3.2196934,51.4875877,,,,,residential,,both,sidewalk
1E+15,-3.1852309,51.4764207,,,asphalt,,tertiary,,both,sidewalk
1E+15,-3.239986,51.4767441,,,,,residential,,both,sidewalk
1E+15,-3.2419719,51.4738994,,,,,residential,,left,sidewalk
1E+15,-3.2435022,51.4736399,,,,,residential,,both,sidewalk
1E+15,-3.2435424,51.4730467,,,,,residential,,both,sidewalk
1E+15,-3.2381674,51.4774392,,,,,residential,,both,sidewalk
1E+15,-3.2371696,51.4769587,,,,,residential,,both,sidewalk
1E+15,-3.2411184,51.4747543,,,,,residential,,both,sidewalk
1E+15,-3.2410194,51.4759797,,,,,residential,,both,sidewalk
1E+15,-3.2337838,51.4754282,,,,,residential,,left,sidewalk
1E+15,-3.2398001,51.4737353,,,,,residential,,both,sidewalk
1E+15,-3.2415777,51.4735755,,,,,residential,,both,sidewalk
1E+15,-3.2367919,51.4747483,,,,,residential,,both,sidewalk
1E+15,-3.2596341,51.4708248,,,,,residential,,left,sidewalk
1E+15,-3.24917,51.4711641,,,,,residential,,left,sidewalk
1E+15,-3.2535224,51.4699422,,,,,service,,right,sidewalk
1E+15,-3.2392258,51.4730559,,,,,residential,,no,sidewalk
1E+15,-3.2477549,51.4712928,,,,,residential,,no,sidewalk
1E+15,-3.2351691,51.4747252,,,,,residential,,both,sidewalk
1E+15,-3.2464342,51.4724173,,,,,residential,,both,sidewalk
1E+15,-3.229597,51.4834272,,,,,residential,,both,sidewalk
1E+15,-3.2295179,51.4834363,,,,,residential,,both,sidewalk
1E+15,-3.2283258,51.4817051,,,,,residential,,both,sidewalk
1E+15,-3.2288368,51.4813557,,,,,residential,,both,sidewalk
1E+15,-3.231903,51.4828174,,,,,residential,,both,sidewalk
1E+15,-3.2301297,51.4819764,,,,,residential,,both,sidewalk
1E+15,-3.2301297,51.4819764,,,,,residential,,both,sidewalk
1E+15,-3.2308044,51.4816252,,,,,residential,,both,sidewalk
1E+15,-3.2322182,51.4817471,,,,,residential,,both,sidewalk
1E+15,-3.2313311,51.4801591,,,,,residential,,both,sidewalk
1E+15,-3.2317647,51.4806018,,,,,residential,,both,sidewalk
1E+15,-3.232203,51.4800929,,,,,residential,,both,sidewalk
1E+15,-3.2320338,51.4804453,,,,,residential,,both,sidewalk
1E+15,-3.2333074,51.4811216,,,,,residential,,both,sidewalk
1E+15,-3.2338577,51.48123,,,,,residential,,left,sidewalk
1E+15,-3.2353406,51.4812261,,,,,residential,,left,sidewalk
1E+15,-3.2331192,51.4797462,,,,,residential,,both,sidewalk
1E+15,-3.2336167,51.4800843,,,,,residential,,both,sidewalk
1E+15,-3.2342843,51.479801,,,,,residential,,both,sidewalk
1E+15,-3.2359547,51.4805402,,,,,residential,,left,sidewalk
1E+15,-3.2363053,51.4809366,,,,,residential,,both,sidewalk
1E+15,-3.2381903,51.478645,,,,,residential,,both,sidewalk
1E+15,-3.23605,51.4796925,,,,,residential,,both,sidewalk
1E+15,-3.2355145,51.4799076,,,,,residential,,both,sidewalk
1E+15,-3.2357082,51.4798482,,,,,residential,,both,sidewalk
1E+15,-3.2346424,51.4734144,,,,,residential,,both,sidewalk
1E+15,-3.2341318,51.4737835,,,,,residential,,both,sidewalk
1E+15,-3.2345965,51.4736783,,,,,residential,,both,sidewalk
1E+15,-3.2410339,51.4821229,,,,,residential,,both,sidewalk
1E+15,-3.2357301,51.4834086,,,,,residential,,both,sidewalk
1E+15,-3.2349868,51.4835788,,,,,residential,,both,sidewalk
1E+15,-3.2347647,51.483206,,,,,residential,,no,sidewalk
1E+15,-3.2370446,51.4829912,,,,,residential,,both,sidewalk
1E+15,-3.2384216,51.4843711,,,,,residential,,both,sidewalk
1E+15,-3.23825,51.483336,,,,,residential,,left,sidewalk
1E+15,-3.2390907,51.4824958,,,,,residential,,both,sidewalk
1E+15,-3.2384551,51.4820944,,,,,residential,,both,sidewalk
1E+15,-3.2405035,51.4815772,,,,,residential,,both,sidewalk
1E+15,-3.2380357,51.4814971,,,,,residential,,both,sidewalk
1E+15,-3.2392527,51.4845528,,,,,residential,,both,sidewalk
1E+15,-3.2397854,51.4837261,,,,,residential,,both,sidewalk
1E+15,-3.240612,51.4832928,,,,,residential,,no,sidewalk
1E+15,-3.2424512,51.4838779,,,,,residential,,both,sidewalk
1E+15,-3.2416814,51.4829235,,,,,residential,,no,sidewalk
1E+15,-3.2439941,51.4825597,,,,,residential,,both,sidewalk
1E+15,-3.2432417,51.4816745,,,,,tertiary,,left,sidewalk
1E+15,-3.2454722,51.4802971,,,,,tertiary,,no,sidewalk
1E+15,-3.24445,51.4824002,,,,,residential,,left,sidewalk
1E+15,-3.2449738,51.4829551,,,,,residential,,both,sidewalk
1E+15,-3.2462493,51.4827903,,,,,residential,,no,sidewalk
1E+15,-3.2469397,51.4810725,,,,,residential,,both,sidewalk
1E+15,-3.2464259,51.4806529,,,,,residential,,both,sidewalk
1E+15,-3.2467875,51.4817013,,,,,residential,,both,sidewalk
1E+15,-3.2478985,51.4811864,,,,,residential,,both,sidewalk
1E+15,-3.2480456,51.4817549,,,,,residential,,no,sidewalk
1E+15,-3.2480683,51.4822503,,,,,residential,,both,sidewalk
1E+15,-3.2534987,51.4823587,,,,,residential,,both,sidewalk
1E+15,-3.248755,51.4798403,,,,,residential,,left,sidewalk
1E+15,-3.2489085,51.4820929,,,,,residential,,both,sidewalk
1E+15,-3.2475832,51.482423,,,,,residential,,no,sidewalk
1E+15,-3.2496409,51.4826765,,,,,residential,,both,sidewalk
1E+15,-3.2503107,51.4822354,,,,,residential,,both,sidewalk
1E+15,-3.2499938,51.4804454,,,,,residential,,both,sidewalk
1E+15,-3.2505928,51.4828508,,,,,residential,,both,sidewalk
1E+15,-3.2433011,51.4800948,,,,,residential,,right,sidewalk
1E+15,-3.2428667,51.4806204,,,,,residential,,both,sidewalk
1E+15,-3.2440356,51.4802462,,,,,residential,,both,sidewalk
1E+15,-3.2466564,51.4773858,,,,,residential,,both,sidewalk
1E+15,-3.2449416,51.478296,,,,,residential,,left,sidewalk
1E+15,-3.2469135,51.4784055,,,,,residential,,both,sidewalk
1E+15,-3.2451204,51.4789328,,,,,residential,,both,sidewalk
1E+15,-3.2461515,51.4792826,,,,,residential,,both,sidewalk
1E+15,-3.2478023,51.4779814,,,,,residential,,both,sidewalk
1E+15,-3.2491424,51.4768668,,,,,residential,,both,sidewalk
1E+15,-3.2495479,51.4782672,,,,,residential,,right,sidewalk
1E+15,-3.2502088,51.4774806,,,,,residential,,both,sidewalk
1E+15,-3.2542455,51.4765589,,,,,residential,,both,sidewalk
1E+15,-3.2531714,51.4753191,,,,,residential,,no,sidewalk
1E+15,-3.2565203,51.4781341,,,,,residential,,both,sidewalk
1E+15,-3.2523316,51.4756557,,,,,residential,,left,sidewalk
1E+15,-3.2530393,51.4753619,,,,,residential,,both,sidewalk
1E+15,-3.2502975,51.4761262,,,,,residential,,both,sidewalk
1E+15,-3.2505811,51.4761418,,,,,residential,,both,sidewalk
1E+15,-3.2515649,51.4761346,,,,,residential,,no,sidewalk
1E+15,-3.2551162,51.4761968,,,,,residential,,both,sidewalk
1E+15,-3.2588886,51.4787887,,,,,residential,,both,sidewalk
1E+15,-3.2522677,51.4698364,,,,,residential,,both,sidewalk
1E+15,-3.2502557,51.469426,,,,,residential,,both,sidewalk
1E+15,-3.2506488,51.4700327,,,,,residential,,both,sidewalk
1E+15,-3.2491543,51.4696258,,,,,residential,,both,sidewalk
1E+15,-3.2491385,51.4689474,,,,,residential,,both,sidewalk
1E+15,-3.2501298,51.4704446,,,,,residential,,both,sidewalk
1E+15,-3.254668,51.4690381,,,,,residential,,left,sidewalk
1E+15,-3.2604086,51.4737663,,,,,residential,,both,sidewalk
1E+15,-3.2558164,51.4744028,,,,,residential,,both,sidewalk
1E+15,-3.2611685,51.4751694,,,,,residential,,left,sidewalk
1E+15,-3.2569194,51.4759189,,,,,residential,,both,sidewalk
1E+15,-3.2590261,51.4756649,,,,,residential,,no,sidewalk
1E+15,-3.2579357,51.4742438,,,,,residential,,both,sidewalk
1E+15,-3.2586281,51.4749876,,,,,residential,,both,sidewalk
1E+15,-3.2567325,51.4735804,,,,,residential,,both,sidewalk
1E+15,-3.2584599,51.4735318,,,,,residential,,both,sidewalk
1E+15,-3.2590621,51.4725053,,,,,residential,,both,sidewalk
1E+15,-3.2615968,51.4726376,,,,,residential,,left,sidewalk
1E+15,-3.2611192,51.4730814,,,,,residential,,both,sidewalk
1E+15,-3.2601776,51.4741742,,,,,residential,,both,sidewalk
1E+15,-3.2621,51.4743056,,,,,residential,,both,sidewalk
1E+15,-3.2629108,51.4745639,,,,,residential,,both,sidewalk
1E+15,-3.2637635,51.4742014,,,,,residential,,both,sidewalk
1E+15,-3.2658665,51.4739568,,,,,residential,,both,sidewalk
1E+15,-3.2684434,51.4744557,,,,,tertiary,,left,sidewalk
1E+15,-3.2684434,51.4744557,,,,,tertiary,,left,sidewalk
1E+15,-3.2658687,51.4763792,,,,,residential,,both,sidewalk
1E+15,-3.2652785,51.475584,,,,,residential,,right,sidewalk
1E+15,-3.2645035,51.4764555,,,,,residential,,both,sidewalk
1E+15,-3.2658389,51.4770416,,,,,residential,,both,sidewalk
1E+15,-3.2680312,51.4746405,,,,,residential,,both,sidewalk
1E+15,-3.2471567,51.472893,,,,,residential,,both,sidewalk
1E+15,-3.2465884,51.4723815,,,,,residential,,both,sidewalk
1E+15,-3.2450692,51.4734111,,,,,residential,,both,sidewalk
1E+15,-3.2449904,51.4740037,,,,,residential,,both,sidewalk
1E+15,-3.24459,51.4739691,,,,,residential,,both,sidewalk
1E+15,-3.2514514,51.4728573,,,,,residential,,both,sidewalk
1E+15,-3.2479866,51.474427,,,,,residential,,both,sidewalk
1E+15,-3.2502448,51.4727413,,,,,residential,,both,sidewalk
1E+15,-3.2491461,51.4735602,,,,,residential,,both,sidewalk
1E+15,-3.248894,51.4724625,,,,,residential,,no,sidewalk
1E+15,-3.2478865,51.4733435,,,,,residential,,no,sidewalk
1E+15,-3.2502405,51.4719018,,,,,residential,,both,sidewalk
1E+15,-3.2518792,51.471916,,,,,residential,,left,sidewalk
1E+15,-3.2502405,51.4719018,,,,,residential,,both,sidewalk
1E+15,-3.2517052,51.4713684,,,,,residential,,right,sidewalk
1E+15,-3.2444724,51.4815174,,,,,tertiary,,left,sidewalk
1E+15,-3.2531513,51.4808813,,,,,residential,,both,sidewalk
1E+15,-3.2521964,51.4797837,,,,,residential,,both,sidewalk
1E+15,-3.2525194,51.4801594,,,,,residential,,both,sidewalk
1E+15,-3.2519825,51.4795348,,,,,residential,,both,sidewalk
1E+15,-3.2545208,51.4787346,,,,,residential,,both,sidewalk
1E+15,-3.2549014,51.4785653,,,,,residential,,both,sidewalk
1E+15,-3.2538216,51.4775483,,,,,tertiary,,no,sidewalk
1E+15,-3.2555284,51.4791736,,,,,residential,,both,sidewalk
1E+15,-3.2591023,51.4780136,,,,,residential,,both,sidewalk
1E+15,-3.2592603,51.4772188,,,,,residential,,no,sidewalk
1E+15,-3.2588164,51.4777105,,,,,residential,,both,sidewalk
1E+15,-3.2583349,51.4768641,,,,,residential,,both,sidewalk
1E+15,-3.2636617,51.4768343,,,,,residential,,both,sidewalk
1E+15,-3.2624731,51.4758247,,,,,residential,,right,sidewalk
1E+15,-3.2641481,51.4753406,,,,,residential,,no,sidewalk
1E+15,-3.2689015,51.4770892,,,,,residential,,both,sidewalk
1E+15,-3.2682666,51.4743763,,,,,tertiary,,both,sidewalk
1E+15,-3.2694415,51.4739381,,,,,tertiary,,left,sidewalk
1E+15,-3.2519891,51.4742418,,,,,residential,,both,sidewalk
1E+15,-3.2530523,51.4737003,,,,,residential,,both,sidewalk
1E+15,-3.2527484,51.4728447,,,,,residential,,both,sidewalk
1E+15,-3.2557043,51.4714784,,,,,residential,,both,sidewalk
1E+15,-3.2537597,51.4715668,,,,,residential,,both,sidewalk
1E+15,-3.2590367,51.47076,,,,,residential,,right,sidewalk
1E+15,-3.2584081,51.4710217,,,,,residential,,right,sidewalk
1E+15,-3.2613271,51.4694658,,,,,residential,,both,sidewalk
1E+15,-3.2578989,51.4696007,,,,,residential,,both,sidewalk
1E+15,-3.2585491,51.4690475,,,,,residential,,both,sidewalk
1E+15,-3.259577,51.4682041,,,,,residential,,both,sidewalk
1E+15,-3.2694157,51.4716817,,,asphalt,,residential,,both,sidewalk
1E+15,-3.2687924,51.4694647,,,asphalt,,residential,,both,sidewalk
1E+15,-3.2706815,51.4689787,,,asphalt,,residential,,both,sidewalk
1E+15,-3.270522,51.4695558,,,asphalt,,residential,,both,sidewalk
1E+15,-3.2702169,51.4701061,,,asphalt,,residential,,both,sidewalk
1E+15,-3.2719448,51.4687149,,,,,residential,,right,sidewalk
1E+15,-3.2718536,51.4695714,,,asphalt,,residential,,both,sidewalk
1E+15,-3.2722413,51.4689648,,,asphalt,,residential,,both,sidewalk
1E+15,-3.2708351,51.4712328,,,asphalt,,residential,,both,sidewalk
1E+15,-3.2715628,51.4703794,,,asphalt,,residential,,both,sidewalk
1E+15,-3.2711511,51.4679078,,,asphalt,,residential,,both,sidewalk
1E+15,-3.2625158,51.4709501,,,,,residential,,both,sidewalk
1E+15,-3.2620778,51.4705293,,,,,residential,,both,sidewalk
1E+15,-3.2593843,51.4710551,,,,,residential,,left,sidewalk
1E+15,-3.2648951,51.4667232,,,,,residential,,both,sidewalk
1E+15,-3.2649613,51.4660271,,,,,residential,,both,sidewalk
1E+15,-3.2636664,51.468517,,,,,residential,,both,sidewalk
1E+15,-3.2634341,51.4681141,,,,,residential,,both,sidewalk
1E+15,-3.2611217,51.4692061,,,,,residential,,both,sidewalk
1E+15,-3.2601569,51.4693237,,,,,residential,,no,sidewalk
1E+15,-3.2598295,51.4685483,,,,,residential,,no,sidewalk
1E+15,-3.2622784,51.4671232,,,,,residential,,both,sidewalk
1E+15,-3.2637167,51.4666826,,,,,residential,,both,sidewalk
1E+15,-3.2586051,51.4704315,,,,,residential,,no,sidewalk
1E+15,-3.2528768,51.4669228,,,,,residential,,left,sidewalk
1E+15,-3.255428,51.4685082,,,,,residential,,both,sidewalk
1E+15,-3.2565052,51.4684724,,,,,residential,,both,sidewalk
1E+15,-3.2563888,51.4686406,,,,,residential,,both,sidewalk
1E+15,-3.2575117,51.4688098,,,,,residential,,no,sidewalk
1E+15,-3.2775423,51.473671,,,,,residential,,no,sidewalk
1E+15,-3.2735057,51.4733689,,,,,residential,,both,sidewalk
1E+15,-3.2749001,51.4727444,,,,,residential,,both,sidewalk
1E+15,-3.2756261,51.4729131,,,,,residential,,both,sidewalk
1E+15,-3.274535,51.469362,,,,,residential,,no,sidewalk
1E+15,-3.2771761,51.4729883,,,,,residential,,both,sidewalk
1E+15,-3.275947,51.4722052,,,,,residential,,both,sidewalk
1E+15,-3.271793,51.4762053,,,,,residential,,both,sidewalk
1E+15,-3.2768588,51.4751795,,,,,residential,,no,sidewalk
1E+15,-3.2770573,51.4742326,,,,,residential,,left,sidewalk
1E+15,-3.2760834,51.4749741,,,,,residential,,both,sidewalk
1E+15,-3.2742391,51.4739738,,,,,residential,,no,sidewalk
1E+15,-3.2708063,51.4748358,,,,,residential,,both,sidewalk
1E+15,-3.2714909,51.4741871,,,,,residential,,both,sidewalk
1E+15,-3.2717182,51.4754948,,,,,residential,,both,sidewalk
1E+15,-3.2712068,51.4755409,,,,,residential,,both,sidewalk
1E+15,-3.2705804,51.4740887,,,,,residential,,both,sidewalk
1E+15,-3.2703466,51.4751089,,,,,residential,,both,sidewalk
1E+15,-3.2744003,51.4754578,,,,,residential,,both,sidewalk
1E+15,-3.271485,51.4767088,,,,,residential,,both,sidewalk
1E+15,-3.2721983,51.4771773,,,,,residential,,both,sidewalk
1E+15,-3.2725935,51.4766312,,,,,residential,,both,sidewalk
1E+15,-3.2733426,51.4775214,,,,,residential,,both,sidewalk
1E+15,-3.2736129,51.4766681,,,,,residential,,right,sidewalk
1E+15,-3.2754121,51.4773404,,,,,residential,,both,sidewalk
1E+15,-3.2727438,51.4776706,,,,,residential,,both,sidewalk
1E+15,-3.2729404,51.4784526,,,,,residential,,both,sidewalk
1E+15,-3.2754297,51.471442,,,,,residential,,left,sidewalk
1E+15,-3.2457852,51.4709454,,,,,residential,,both,sidewalk
1E+15,-3.2454677,51.4713319,,,,,residential,,both,sidewalk
1E+15,-3.2388087,51.4722323,,,,,residential,,both,sidewalk
1E+15,-3.274217,51.474873,,,,,residential,,both,sidewalk
1E+15,-3.2746065,51.477204,,,,,residential,,no,sidewalk
1E+15,-3.2624715,51.4666826,,,,,residential,,both,sidewalk
1E+15,-3.2772116,51.4731738,,,,,residential,,no,sidewalk
1E+15,-3.273047,51.4732135,,,,,residential,,no,sidewalk
1E+15,-3.2738115,51.4725889,,,,,residential,,both,sidewalk
1E+15,-3.2343587,51.4881084,,,asphalt,,residential,,both,sidewalk
1E+15,-3.2366145,51.4880783,,,asphalt,,residential,,both,sidewalk
1E+15,-3.2436292,51.4867516,,,,,residential,,both,sidewalk
1E+15,-3.2382964,51.4877402,,,asphalt,,residential,,both,sidewalk
1E+15,-3.2366728,51.4882618,,,asphalt,,residential,,both,sidewalk
1E+15,-3.2408634,51.4880602,,,asphalt,,residential,,both,sidewalk
1E+15,-3.2423255,51.4874935,,,asphalt,,residential,,both,sidewalk
1E+15,-3.2440417,51.4889931,,,asphalt,,residential,,both,sidewalk
1E+15,-3.248308,51.4879892,,,asphalt,,residential,,both,sidewalk
1E+15,-3.2493622,51.4881117,,,,,residential,,left,sidewalk
1E+15,-3.2500159,51.4875802,,,,,residential,,left,sidewalk
1E+15,-3.2501594,51.4881466,,,,,residential,,left,sidewalk
1E+15,-3.2543939,51.4883217,,,,,residential,,both,sidewalk
1E+15,-3.2486435,51.4897588,,,asphalt,,residential,,both,sidewalk
1E+15,-3.2479929,51.4906072,,,asphalt,,residential,,both,sidewalk
1E+15,-3.2479307,51.490185,,,asphalt,,residential,,both,sidewalk
1E+15,-3.2311174,51.4864526,,,asphalt,,residential,,both,sidewalk
1E+15,-3.2519354,51.4916629,,,asphalt,,residential,,both,sidewalk
1E+15,-3.2533706,51.4925697,,,asphalt,,residential,,both,sidewalk
1E+15,-3.253156,51.4913246,,,asphalt,,residential,,both,sidewalk
1E+15,-3.2540573,51.4916612,,,asphalt,,residential,,both,sidewalk
1E+15,-3.2554649,51.4934141,,,asphalt,,residential,,both,sidewalk
1E+15,-3.2508976,51.4905885,,,asphalt,,residential,,both,sidewalk
1E+15,-3.2510347,51.4909563,,,asphalt,,residential,,both,sidewalk
1E+15,-3.2520995,51.4892866,,,asphalt,,residential,,both,sidewalk
1E+15,-3.2535852,51.4893953,,,asphalt,,residential,,both,sidewalk
1E+15,-3.2529672,51.4891174,,,asphalt,,residential,,both,sidewalk
1E+15,-3.2534479,51.4894594,,,asphalt,,residential,,both,sidewalk
1E+15,-3.2426953,51.4906211,,,asphalt,,residential,,both,sidewalk
1E+15,-3.2442398,51.4905127,,,asphalt,,residential,,both,sidewalk
1E+15,-3.2443069,51.4907883,,,asphalt,,residential,,both,sidewalk
1E+15,-3.2410228,51.4903426,,,asphalt,,residential,,both,sidewalk
1E+15,-3.2416326,51.4904078,,,asphalt,,residential,,both,sidewalk
1E+15,-3.2508728,51.4920516,,,asphalt,,residential,,both,sidewalk
1E+15,-3.2548555,51.493195,,,asphalt,,residential,,both,sidewalk
1E+15,-3.251016,51.4939929,,,asphalt,,residential,,both,sidewalk
1E+15,-3.2555685,51.4957072,,,asphalt,,residential,,both,sidewalk
1E+15,-3.2553104,51.4949156,,,asphalt,,residential,,both,sidewalk
1E+15,-3.2501027,51.4939667,,,asphalt,,residential,,both,sidewalk
1E+15,-3.2517408,51.49432,,,asphalt,,residential,,both,sidewalk
1E+15,-3.2519607,51.4935473,,,asphalt,,residential,,both,sidewalk
1E+15,-3.259076,51.4951583,,,asphalt,,residential,,both,sidewalk
1E+15,-3.2595947,51.4959731,,,asphalt,,residential,,both,sidewalk
1E+15,-3.2591037,51.4952483,,,asphalt,,residential,,both,sidewalk
1E+15,-3.2588746,51.4947144,,,asphalt,,residential,,both,sidewalk
1E+15,-3.2585565,51.4940528,,,asphalt,,residential,,both,sidewalk
1E+15,-3.258142,51.4945274,,,asphalt,,residential,,both,sidewalk
1E+15,-3.2587659,51.4950218,,,asphalt,,residential,,both,sidewalk
1E+15,-3.2587181,51.4949404,,,asphalt,,residential,,both,sidewalk
1E+15,-3.2589906,51.495536,,,asphalt,,residential,,both,sidewalk
1E+15,-3.255923,51.4963083,,,asphalt,,residential,,both,sidewalk
1E+15,-3.2513757,51.496266,,,asphalt,,residential,,both,sidewalk
1E+15,-3.2508674,51.4956287,,,asphalt,,residential,,both,sidewalk
1E+15,-3.2463845,51.4930893,,,asphalt,,residential,,both,sidewalk
1E+15,-3.2489035,51.4956876,,,asphalt,,residential,,both,sidewalk
1E+15,-3.2477391,51.4933163,,,asphalt,,residential,,both,sidewalk
1E+15,-3.2431968,51.4713374,,,,,residential,,both,sidewalk
1E+15,-3.2408691,51.4718144,,,,,residential,,both,sidewalk
1E+15,-3.2440946,51.472258,,,,,residential,,no,sidewalk
1E+15,-3.2354368,51.4739438,,,,,residential,,left,sidewalk
1E+15,-3.2372763,51.4736523,,,,,residential,,no,sidewalk
1E+15,-3.2354338,51.4859808,,,,,residential,,left,sidewalk
1E+15,-3.231617,51.484858,,,,,residential,,right,sidewalk
1E+15,-3.2334404,51.4883757,,,asphalt,,residential,,both,sidewalk
1E+15,-3.2348619,51.4867738,,,asphalt,,residential,,both,sidewalk
1E+15,-3.2323507,51.4864386,,,asphalt,,residential,,both,sidewalk
1E+15,-3.2293545,51.4861697,,,asphalt,,residential,,both,sidewalk
1E+15,-3.24066,51.4886533,,,asphalt,,residential,,both,sidewalk
1E+15,-3.2379292,51.4905669,,,asphalt,,residential,,both,sidewalk
1E+15,-3.2370038,51.4901951,,,asphalt,,residential,,both,sidewalk
1E+15,-3.2381205,51.4897681,,,asphalt,,residential,,both,sidewalk
1E+15,-3.2367216,51.4897979,,,asphalt,,residential,,both,sidewalk
1E+15,-3.2368072,51.4896343,,,asphalt,,residential,,both,sidewalk
1E+15,-3.238687,51.4912252,,,asphalt,,residential,,both,sidewalk
1E+15,-3.2379227,51.4902432,,,asphalt,,residential,,both,sidewalk
1E+15,-3.2394126,51.4908324,,,asphalt,,residential,,both,sidewalk
1E+15,-3.2382306,51.4912836,,,asphalt,,residential,,both,sidewalk
1E+15,-3.2427827,51.4909692,,,asphalt,,residential,,both,sidewalk
1E+15,-3.2455265,51.4929258,,,asphalt,,residential,,both,sidewalk
1E+15,-3.2461068,51.4934237,,,asphalt,,residential,,both,sidewalk
1E+15,-3.2466691,51.4962484,,,asphalt,,residential,,both,sidewalk
1E+15,-3.2426262,51.4958263,,,asphalt,,residential,,both,sidewalk
1E+15,-3.2411778,51.4949262,,,asphalt,,residential,,both,sidewalk
1E+15,-3.2442917,51.4948967,,,asphalt,,residential,,both,sidewalk
1E+15,-3.2415383,51.4881225,,,asphalt,,residential,,both,sidewalk
1E+15,-3.2416303,51.4884245,,,asphalt,,residential,,both,sidewalk
1E+15,-3.2350463,51.4884625,,,asphalt,,residential,,both,sidewalk
1E+15,-3.2343587,51.4881084,,,asphalt,,residential,,both,sidewalk
1E+15,-3.2295427,51.4873434,,,asphalt,,residential,,both,sidewalk
1E+15,-3.2412145,51.4895864,,,asphalt,,residential,,both,sidewalk
1E+15,-3.2421959,51.4890741,,,asphalt,,residential,,both,sidewalk
1E+15,-3.2413811,51.487615,,,,,residential,,both,sidewalk
1E+15,-3.2493467,51.4865204,,,,,residential,,both,sidewalk
1E+15,-3.2487748,51.4864339,,,,,residential,,right,sidewalk
1E+15,-3.2534624,51.4984254,,,asphalt,,residential,,both,sidewalk
1E+15,-3.2524548,51.4975405,,,asphalt,,residential,,both,sidewalk
1E+15,-3.2506052,51.498078,,,asphalt,,residential,,both,sidewalk
1E+15,-3.2554274,51.4979845,,,asphalt,,residential,,both,sidewalk
1E+15,-3.2293335,51.4905704,,,asphalt,,residential,,both,sidewalk
1E+15,-3.2391949,51.4884004,,,asphalt,,residential,,both,sidewalk
1E+15,-3.1849009,51.4740842,,,asphalt,,residential,,both,sidewalk
1E+15,-3.1866485,51.4737545,,,asphalt,,residential,,both,sidewalk
1E+15,-3.1837416,51.4706988,,,asphalt,,residential,,both,sidewalk
1E+15,-3.182671,51.4696997,,,asphalt,,residential,,both,sidewalk
1E+15,-3.1821467,51.469243,,,asphalt,,residential,,both,sidewalk
1E+15,-3.1816582,51.4688127,,,asphalt,,residential,,both,sidewalk
1E+15,-3.1808728,51.4683844,,,asphalt,,residential,,both,sidewalk
1E+15,-3.1934466,51.4704319,,,asphalt,,tertiary,,both,sidewalk
1E+15,-3.1889632,51.4734163,,,asphalt,,residential,,both,sidewalk
1E+15,-3.1911698,51.4727788,,,asphalt,,residential,,both,sidewalk
1E+15,-3.1878711,51.4715267,,,asphalt,,residential,,both,sidewalk
1E+15,-3.1876624,51.4719868,,,asphalt,,residential,,both,sidewalk
1E+15,-3.1843088,51.4717811,,,asphalt,,residential,,both,sidewalk
1E+15,-3.1836197,51.4721836,,,asphalt,,residential,,both,sidewalk
1E+15,-3.253962,51.5157005,,,asphalt,,residential,,both,sidewalk
1E+15,-3.299323,51.5268995,,,asphalt,,residential,,both,sidewalk
1E+15,-3.2955167,51.5301238,,,asphalt,,residential,,both,sidewalk
1E+15,-3.1857059,51.4727117,,,asphalt,,residential,,both,sidewalk
1E+15,-3.1854585,51.4715285,,,asphalt,,residential,,both,sidewalk
1E+15,-3.1835855,51.4726473,,,asphalt,,residential,,both,sidewalk
1E+15,-3.1838059,51.4740136,,,asphalt,,residential,,both,sidewalk
1E+15,-3.1848692,51.4739268,,,asphalt,,residential,,both,sidewalk
1E+15,-3.1860936,51.4746119,,,asphalt,,residential,,both,sidewalk
1E+15,-3.1857059,51.4727117,,,asphalt,,residential,,both,sidewalk
1E+15,-3.1825238,51.4736922,,,asphalt,,residential,,both,sidewalk
1E+15,-3.18238,51.4706338,,,asphalt,,tertiary,,both,sidewalk
1E+15,-3.183355,51.4709476,,,asphalt,,residential,,both,sidewalk
1E+15,-3.1733547,51.4807145,,,asphalt,,unclassified,,both,sidewalk
1E+15,-3.1890657,51.4705692,,,asphalt,,residential,,both,sidewalk
1E+15,-3.1901791,51.4709437,,,asphalt,,residential,,both,sidewalk
1E+15,-3.1878988,51.470261,,,asphalt,,residential,,both,sidewalk
1E+15,-3.1925823,51.4732967,,,asphalt,,residential,,both,sidewalk
1E+15,-3.188463,51.4745449,,,asphalt,,residential,,both,sidewalk
1E+15,-3.1900194,51.4746721,,,asphalt,,residential,,both,sidewalk
1E+15,-3.1921912,51.4739714,,,asphalt,,residential,,both,sidewalk
1E+15,-3.1900751,51.4734306,,,asphalt,,residential,,both,sidewalk
1E+15,-3.1897445,51.4728571,,,asphalt,,residential,,both,sidewalk
1E+15,-3.2342481,51.4928733,,,asphalt,,residential,,both,sidewalk
1E+15,-3.2615642,51.4686162,,,,,residential,,both,sidewalk
1E+15,-3.1732486,51.4757656,,,asphalt,,primary,,both,sidewalk
1E+15,-3.2018245,51.5383598,,,asphalt,,residential,,both,sidewalk
1E+15,-3.2019168,51.538761,,,asphalt,,residential,,both,sidewalk
1E+15,-3.2025543,51.5374667,,,asphalt,,residential,,both,sidewalk
1E+15,-3.1886686,51.5453935,,,asphalt,,unclassified,,both,sidewalk
1E+15,-3.2059026,51.5254842,,,asphalt,,residential,,both,sidewalk
1E+15,-3.2052835,51.5286343,,,asphalt,,residential,,both,sidewalk
1E+15,-3.2060313,51.5273365,,,asphalt,,residential,,both,sidewalk
1E+15,-3.2075143,51.5275284,,,asphalt,,residential,,both,sidewalk
1E+15,-3.208955,51.5285632,,,asphalt,,residential,,both,sidewalk
1E+15,-3.2053536,51.5301799,,,asphalt,,residential,,both,sidewalk
1E+15,-3.1921715,51.5430608,,,asphalt,,residential,,both,sidewalk
1E+15,-3.1920301,51.5422825,,,asphalt,,residential,,both,sidewalk
1E+15,-3.1915688,51.5422149,,,asphalt,,residential,,both,sidewalk
1E+15,-3.1926082,51.5433393,,,asphalt,,residential,,both,sidewalk
1E+15,-3.1909051,51.5432175,,,asphalt,,residential,,both,sidewalk
1E+15,-3.195757,51.5337181,,,asphalt,,tertiary,,both,sidewalk
1E+15,-3.193962,51.5346426,,,asphalt,,residential,,both,sidewalk
1E+15,-3.1913408,51.5341967,,,asphalt,,residential,,both,sidewalk
1E+15,-3.191134,51.5335249,,,asphalt,,residential,,both,sidewalk
1E+15,-3.1867842,51.5345115,,,asphalt,,residential,,both,sidewalk
1E+15,-3.1875712,51.534517,,,asphalt,,residential,,both,sidewalk
1E+15,-3.1863511,51.5349196,,,asphalt,,residential,,both,sidewalk
1E+15,-3.1852218,51.5345782,,,asphalt,,residential,,both,sidewalk
1E+15,-3.1918491,51.5300987,,,asphalt,,residential,,both,sidewalk
1E+15,-3.1913382,51.5291406,,,asphalt,,residential,,both,sidewalk
1E+15,-3.19225,51.5290058,,,asphalt,,residential,,both,sidewalk
1E+15,-3.1928045,51.5323316,,,asphalt,,residential,,both,sidewalk
1E+15,-3.193629,51.5301612,,,asphalt,,residential,,both,sidewalk
1E+15,-3.1925303,51.5312185,,,asphalt,,residential,,both,sidewalk
1E+15,-3.2010188,51.5332668,,,asphalt,,residential,,both,sidewalk
1E+15,-3.2008639,51.5330539,,,asphalt,,residential,,both,sidewalk
1E+15,-3.1981744,51.5346851,,,asphalt,,residential,,both,sidewalk
1E+15,-3.2031688,51.5306907,,,asphalt,,residential,,both,sidewalk
1E+15,-3.2043121,51.5343393,,,asphalt,,residential,,both,sidewalk
1E+15,-3.201372,51.5292811,,,asphalt,,residential,,both,sidewalk
1E+15,-3.2016826,51.5270133,,,asphalt,,residential,,both,sidewalk
1E+15,-3.1995195,51.5283967,,,asphalt,,residential,,both,sidewalk
1E+15,-3.2027513,51.5400745,,,asphalt,,residential,,both,sidewalk
1E+15,-3.2030541,51.5417605,,,asphalt,,residential,,both,sidewalk
1E+15,-3.2054816,51.5405357,,,asphalt,,residential,,both,sidewalk
1E+15,-3.1927414,51.5371393,,,asphalt,,residential,,both,sidewalk
1E+15,-3.1914502,51.5370946,,,asphalt,,residential,,both,sidewalk
1E+15,-3.1917892,51.5360545,,,asphalt,,residential,,both,sidewalk
1E+15,-3.1928085,51.5356955,,,asphalt,,residential,,both,sidewalk
1E+15,-3.1926671,51.5354638,,,asphalt,,residential,,both,sidewalk
1E+15,-3.1942354,51.5368654,,,asphalt,,residential,,both,sidewalk
1E+15,-3.1931618,51.5366188,,,asphalt,,residential,,both,sidewalk
1E+15,-3.1928651,51.5363873,,,asphalt,,residential,,both,sidewalk
1E+15,-3.2038623,51.5361518,,,asphalt,,residential,,both,sidewalk
1E+15,-3.2038399,51.5354199,,,asphalt,,residential,,both,sidewalk
1E+15,-3.2048619,51.5353932,,,asphalt,,residential,,both,sidewalk
1E+15,-3.2034776,51.5373032,,,asphalt,,residential,,both,sidewalk
1E+15,-3.2043842,51.5383175,,,asphalt,,residential,,both,sidewalk
1E+15,-3.2055063,51.5385786,,,asphalt,,residential,,both,sidewalk
1E+15,-3.1988918,51.5367402,,,asphalt,,residential,,both,sidewalk
1E+15,-3.1991275,51.5370388,,,asphalt,,residential,,both,sidewalk
1E+15,-3.1967224,51.5357826,,,asphalt,,residential,,both,sidewalk
1E+15,-3.1974095,51.5365993,,,asphalt,,residential,,both,sidewalk
1E+15,-3.1958426,51.5364039,,,asphalt,,residential,,both,sidewalk
1E+15,-3.2006577,51.5358466,,,asphalt,,residential,,both,sidewalk
1E+15,-3.2021254,51.5359427,,,asphalt,,residential,,both,sidewalk
1E+15,-3.1995305,51.5355244,,,asphalt,,residential,,both,sidewalk
1E+15,-3.2000876,51.5395975,,,asphalt,,residential,,both,sidewalk
1E+15,-3.1982421,51.5406181,,,asphalt,,residential,,both,sidewalk
1E+15,-3.1975352,51.5382925,,,asphalt,,residential,,both,sidewalk
1E+15,-3.1976237,51.5376072,,,asphalt,,residential,,both,sidewalk
1E+15,-3.1994777,51.5387341,,,asphalt,,residential,,both,sidewalk
1E+15,-3.1986481,51.5385426,,,asphalt,,residential,,both,sidewalk
1E+15,-3.197817,51.5407861,,,asphalt,,residential,,both,sidewalk
1E+15,-3.2319294,51.4840574,,,,,trunk,,both,sidewalk
1E+15,-3.1718445,51.4818436,,,asphalt,,unclassified,,both,sidewalk
1E+15,-3.173045,51.4821164,,,asphalt,,unclassified,,left,sidewalk
1E+15,-3.0981123,51.5289374,,,asphalt,,residential,,both,sidewalk
1E+15,-3.0990823,51.5301773,,,asphalt,,residential,,both,sidewalk
1E+15,-3.0974374,51.5286767,,,asphalt,,residential,,both,sidewalk
1E+15,-3.1003102,51.5293242,,,asphalt,,residential,,both,sidewalk
1E+15,-3.1004167,51.5297448,,,asphalt,,residential,,both,sidewalk
1E+15,-3.1011643,51.5294838,,,asphalt,,residential,,both,sidewalk
1E+15,-3.0991249,51.5292916,,,asphalt,,residential,,both,sidewalk
1E+15,-3.2033801,51.5298063,,,asphalt,,residential,,both,sidewalk
1E+15,-3.2054008,51.5291934,,,asphalt,,residential,,both,sidewalk
1E+15,-3.1955626,51.5366301,,,asphalt,,residential,,both,sidewalk
1E+15,-3.2011282,51.527113,,,asphalt,,residential,,both,sidewalk
1E+15,-3.0884652,51.5207611,,,asphalt,,unclassified,,both,sidewalk
1E+15,-3.088697,51.5215075,,,asphalt,,unclassified,,both,sidewalk
1E+15,-3.0893042,51.5209874,,,asphalt,,unclassified,,both,sidewalk
1E+15,-3.0891331,51.5223199,,,asphalt,,unclassified,,both,sidewalk
1E+15,-3.0961379,51.529305,,,asphalt,,residential,,both,sidewalk
1E+15,-3.0961486,51.5297414,,,asphalt,,residential,,both,sidewalk
1E+15,-3.0963885,51.5284043,,,asphalt,,residential,,both,sidewalk
1E+15,-3.0955688,51.5294596,,,asphalt,,residential,,both,sidewalk
1E+15,-3.0919971,51.5288562,,,asphalt,,residential,,both,sidewalk
1E+15,-3.0912664,51.5266839,,,asphalt,,residential,,both,sidewalk
1E+15,-3.0903672,51.527562,,,asphalt,,residential,,both,sidewalk
1E+15,-3.0892353,51.5273145,,,asphalt,,unclassified,,both,sidewalk
1E+15,-3.0891445,51.5270188,,,asphalt,,unclassified,,both,sidewalk
1E+15,-3.0883697,51.5253138,,,asphalt,,residential,,both,sidewalk
1E+15,-3.2979528,51.5281346,,,asphalt,,residential,,both,sidewalk
1E+15,-3.2952044,51.5284389,,,asphalt,,residential,,both,sidewalk
1E+15,-3.2951813,51.5293161,,,asphalt,,residential,,both,sidewalk
1E+15,-3.3005025,51.530368,,,asphalt,,residential,,both,sidewalk
1E+15,-3.298636,51.5329469,,,asphalt,,residential,,both,sidewalk
1E+15,-3.2990233,51.5335181,,,asphalt,,residential,,both,sidewalk
1E+15,-3.2979844,51.5297666,,,asphalt,,residential,,both,sidewalk
1E+15,-3.2974576,51.5295182,,,asphalt,,residential,,both,sidewalk
1E+15,-3.2982123,51.5304941,,,asphalt,,residential,,both,sidewalk
1E+15,-3.2979543,51.5302922,,,asphalt,,residential,,both,sidewalk
1E+15,-3.2986602,51.5277002,,,asphalt,,residential,,both,sidewalk
1E+15,-3.3259443,51.5266361,,,asphalt,,residential,,both,sidewalk
1E+15,-3.1823442,51.4699605,,,asphalt,,tertiary,,both,sidewalk
1E+15,-3.206124,51.5263686,,,asphalt,,residential,,both,sidewalk
1E+15,-3.2044378,51.5257211,,,asphalt,,residential,,both,sidewalk
1E+15,-3.2056934,51.5270528,,,asphalt,,residential,,both,sidewalk
1E+15,-3.2048418,51.5280042,,,asphalt,,residential,,both,sidewalk
1E+15,-3.1706986,51.4809475,,,asphalt,,unclassified,,both,sidewalk
1E+15,-3.2054647,51.5334922,,,asphalt,,residential,,both,sidewalk
1E+15,-3.3297723,51.5213339,,,asphalt,,residential,,both,sidewalk
1E+15,-3.3300548,51.5208987,,,asphalt,,residential,,both,sidewalk
1E+15,-3.3259512,51.5195011,,,asphalt,,residential,,both,sidewalk
1E+15,-3.326662,51.5191966,,,asphalt,,residential,,both,sidewalk
1E+15,-3.3220448,51.5209207,,,asphalt,,residential,,both,sidewalk
1E+15,-3.3263632,51.5221877,,,asphalt,,residential,,both,sidewalk
1E+15,-3.3282609,51.5282597,,,asphalt,,residential,,both,sidewalk
1E+15,-3.3294711,51.5275869,,,asphalt,,residential,,both,sidewalk
1E+15,-3.328321,51.5269995,,,asphalt,,residential,,both,sidewalk
1E+15,-3.3261065,51.5280728,,,asphalt,,residential,,both,sidewalk
1E+15,-3.3269477,51.5272345,,,asphalt,,residential,,both,sidewalk
1E+15,-3.3252544,51.5269963,,,asphalt,,residential,,both,sidewalk
1E+15,-3.3250183,51.5277395,,,asphalt,,residential,,both,sidewalk
1E+15,-3.3275474,51.5255672,,,asphalt,,residential,,both,sidewalk
1E+15,-3.3264598,51.5253766,,,asphalt,,residential,,both,sidewalk
1E+15,-3.3290074,51.5236226,,,asphalt,,residential,,both,sidewalk
1E+15,-3.3275568,51.5229604,,,asphalt,,residential,,both,sidewalk
1E+15,-3.3275117,51.5215899,,,asphalt,,residential,,both,sidewalk
1E+15,-3.3259957,51.5212551,,,asphalt,,residential,,both,sidewalk
1E+15,-3.3253633,51.5217822,,,asphalt,,residential,,both,sidewalk
1E+15,-3.3244089,51.5208179,,,asphalt,,residential,,both,sidewalk
1E+15,-3.3247555,51.5230632,,,asphalt,,residential,,both,sidewalk
1E+15,-3.3265762,51.5226777,,,asphalt,,residential,,both,sidewalk
1E+15,-3.2358464,51.4771456,,,,,residential,,both,sidewalk
1E+15,-3.2935022,51.5306885,,,asphalt,,residential,,both,sidewalk
1E+15,-3.3000241,51.5302156,,,asphalt,,residential,,both,sidewalk
1E+15,-3.3023436,51.5306844,,,asphalt,,residential,,both,sidewalk
1E+15,-3.1960641,51.5318916,,,asphalt,,residential,,both,sidewalk
1E+15,-3.1853813,51.5170157,,,asphalt,,tertiary,,both,sidewalk
1E+15,-3.1816268,51.5122981,,,asphalt,,tertiary,,both,sidewalk
1E+15,-3.2542586,51.481618,,,,,residential,,both,sidewalk
1E+15,-3.2568844,51.4811219,,,,,residential,,left,sidewalk
1E+15,-3.2554907,51.483531,,,,,residential,,both,sidewalk
1E+15,-3.2583786,51.4819665,,,,,residential,,both,sidewalk
1E+15,-3.2581438,51.4812632,,,,,residential,,both,sidewalk
1E+15,-3.2565734,51.4804044,,,,,residential,,both,sidewalk
1E+15,-3.2474532,51.4836115,,,,,residential,,both,sidewalk
1E+15,-3.2575339,51.4826288,,,,,residential,,both,sidewalk
1E+15,-3.2483914,51.4797658,,,,,residential,,left,sidewalk
1E+15,-3.248145,51.4842854,,,,,residential,,both,sidewalk
1E+15,-3.2490404,51.4840369,,,,,residential,,both,sidewalk
1E+15,-3.128485,51.5107109,,,asphalt,,secondary,,left,sidewalk
1E+15,-3.1323891,51.5086613,,,asphalt,,secondary,,both,sidewalk
1E+15,-3.2543801,51.4829504,,,,,residential,,both,sidewalk
1E+15,-3.2219355,51.4834293,,,,,primary,,both,sidewalk
1E+15,-3.2199779,51.483115,,,,,residential,,right,sidewalk
1E+15,-3.220691,51.4831003,,,,,primary,,left,sidewalk
1E+15,-3.1307951,51.5093811,,,,,secondary,,left,sidewalk
1E+15,-3.2031602,51.4762689,,,,,secondary,,right,sidewalk
1E+15,-3.2156863,51.4816206,,,paved,,primary,,both,sidewalk
1E+15,-3.2741871,51.4779408,,,,,residential,,both,sidewalk
1E+15,-3.276214,51.4773634,,,,,residential,,both,sidewalk
1E+15,-3.247742,51.4899844,,,asphalt,,residential,,both,sidewalk
1E+15,-3.2474555,51.4897612,,,asphalt,,residential,,both,sidewalk
1E+15,-3.2512647,51.491461,,,asphalt,,residential,,both,sidewalk
1E+15,-3.2547667,51.4953434,,,asphalt,,residential,,both,sidewalk
1E+15,-3.2335147,51.4838096,,,,,residential,,right,sidewalk
1E+15,-3.2392513,51.4745778,,,,,residential,,both,sidewalk
1E+15,-3.2409737,51.474113,,,,,residential,,both,sidewalk
1E+15,-3.2395662,51.4731872,,,,,residential,,left,sidewalk
1E+15,-3.2378153,51.4735022,,,,,residential,,left,sidewalk
1E+15,-3.2433988,51.4722181,,,,,residential,,left,sidewalk
1E+15,-3.2541147,51.4702652,,,,,residential,,no,sidewalk
1E+15,-3.2608623,51.4706523,,,,,trunk,,left,sidewalk
1E+15,-3.2606348,51.47077,,,,,trunk,,left,sidewalk
1E+15,-3.2678627,51.4741257,,,,,tertiary,,right,sidewalk
1E+15,-3.2438095,51.4775818,,,,,trunk,,both,sidewalk
1E+15,-3.2389317,51.4799639,,,,,trunk,,left,sidewalk
1E+15,-3.2401383,51.4791685,,,,,trunk,,both,sidewalk
1E+15,-3.2529733,51.4778909,,,,,tertiary,,left,sidewalk
1E+15,-3.2643934,51.4729737,,,,,residential,,both,sidewalk
1E+15,-3.2600148,51.4710557,,,,,trunk,,left,sidewalk
1E+15,-3.2112538,51.4825761,,,asphalt,,tertiary,,both,sidewalk
1E+15,-3.2693479,51.4669188,,,asphalt,,trunk,,left,sidewalk
1E+15,-3.2741093,51.4736718,,,,,residential,,left,sidewalk
1E+15,-3.2539624,51.477666,,,,,tertiary,,left,sidewalk
1E+15,-3.2564705,51.4812194,,,,,residential,,left,sidewalk
1E+15,-3.2503151,51.4816901,,,,,residential,,both,sidewalk
1E+15,-3.2347081,51.4824274,,,,,trunk,,both,sidewalk
1E+15,-3.2376126,51.4807535,,,,,trunk,,both,sidewalk
1E+15,-3.2353077,51.4842096,,,,,residential,,both,sidewalk
1E+15,-3.2640704,51.4751035,,,,,tertiary,,left,sidewalk
1E+15,-3.2289148,51.4851091,,,,,trunk,,both,sidewalk
1E+15,-3.1739533,51.476721,,,asphalt,,primary,,both,sidewalk
1E+15,-3.2385452,51.4776609,,,,,residential,,no,sidewalk
1E+15,-3.2374051,51.4788615,,,,,residential,,both,sidewalk
1E+15,-3.2367077,51.4788063,,,,,residential,,both,sidewalk
1E+15,-3.234552,51.4730295,,,,,residential,,both,sidewalk
1E+15,-3.2251727,51.4883838,,,,,tertiary_link,,left,sidewalk
1E+15,-3.235151,51.4864359,,,,,residential,,no,sidewalk
1E+15,-3.2378258,51.4869498,,,asphalt,,residential,,both,sidewalk
1E+15,-3.3271823,51.5238896,,,asphalt,,residential,,both,sidewalk
1E+15,-3.328236,51.5240864,,,asphalt,,residential,,both,sidewalk
1E+15,-3.3241146,51.5255104,,,asphalt,,residential,,both,sidewalk
1E+15,-3.2683211,51.4695649,,,,,tertiary,,right,sidewalk
1E+15,-3.2693585,51.4742468,,,,,tertiary,,left,sidewalk
1E+15,-3.2544134,51.4764976,,,,,residential,,both,sidewalk
1E+15,-3.2469839,51.4733853,,,,,residential,,no,sidewalk
1E+15,-3.2415706,51.4827478,,,,,residential,,no,sidewalk
1E+15,-3.2349437,51.4847154,,,,,residential,,both,sidewalk
1E+15,-3.2345591,51.4845177,,,,,residential,,both,sidewalk
1E+15,-3.2340423,51.4844246,,,,,residential,,both,sidewalk
1E+15,-3.2321963,51.4838326,,,,,trunk,,both,sidewalk
1E+15,-3.2549371,51.4802331,,,,,residential,,both,sidewalk
1E+15,-3.2438926,51.4811957,,,,,residential,,both,sidewalk
1E+15,-3.242394,51.4811858,,,,,service,,no,sidewalk
1E+15,-3.2351006,51.4801106,,,,,residential,,both,sidewalk
1E+15,-3.2322279,51.4799771,,,,,residential,,both,sidewalk
1E+15,-3.2366937,51.4780005,,,,,residential,,both,sidewalk
1E+15,-3.2366939,51.47756,,,,,residential,,both,sidewalk
1E+15,-3.2427353,51.4772018,,,,,residential,,both,sidewalk
1E+15,-3.2419745,51.4765244,,,,,residential,,both,sidewalk
1E+15,-3.2411943,51.4753578,,,,,residential,,both,sidewalk
1E+15,-3.242658,51.4752355,,,,,residential,,both,sidewalk
1E+15,-3.2427879,51.4732805,,,,,residential,,left,sidewalk
1E+15,-3.2517153,51.465727,,,,,residential,,both,sidewalk
1E+15,-3.2529142,51.4661933,,,,,residential,,both,sidewalk
1E+15,-3.2520646,51.465888,,,,,residential,,both,sidewalk
1E+15,-3.2512631,51.4654109,,,,,residential,,both,sidewalk
1E+15,-3.2498724,51.4654299,,,,,residential,,both,sidewalk
1E+15,-3.2598968,51.4668589,,,,,residential,,both,sidewalk
1E+15,-3.2597218,51.4663008,,,,,residential,,both,sidewalk
1E+15,-3.2603253,51.4675393,,,,,residential,,both,sidewalk
1E+15,-3.2612425,51.467061,,,,,residential,,both,sidewalk
1E+15,-3.2607722,51.4671328,,,,,residential,,both,sidewalk
1E+15,-3.2624725,51.4683588,,,,,residential,,both,sidewalk
1E+15,-3.2596664,51.4680209,,,,,residential,,no,sidewalk
1E+15,-3.2730551,51.4726727,,,,,residential,,no,sidewalk
1E+15,-3.2744805,51.4743577,,,,,residential,,both,sidewalk
1E+15,-3.2646156,51.4778529,,,,,residential,,both,sidewalk
1E+15,-3.2657352,51.4776633,,,,,residential,,both,sidewalk
1E+15,-3.2655755,51.4778931,,,,,residential,,both,sidewalk
1E+15,-3.2637088,51.4778287,,,,,residential,,left,sidewalk
1E+15,-3.2625564,51.4792238,,,,,residential,,both,sidewalk
1E+15,-3.2626295,51.4777719,,,,,residential,,both,sidewalk
1E+15,-3.2614644,51.4781331,,,,,residential,,both,sidewalk
1E+15,-3.2623626,51.4773709,,,,,residential,,both,sidewalk
1E+15,-3.2622146,51.4784928,,,,,residential,,both,sidewalk
1E+15,-3.261655,51.4788152,,,,,residential,,both,sidewalk
1E+15,-3.2625077,51.479547,,,,,residential,,no,sidewalk
1E+15,-3.2632026,51.4792459,,,,,residential,,both,sidewalk
1E+15,-3.1919061,51.5367283,,,asphalt,,residential,,both,sidewalk
1E+15,-3.191128,51.5362992,,,asphalt,,residential,,both,sidewalk
1E+15,-3.1914844,51.53618,,,asphalt,,residential,,both,sidewalk
1E+15,-3.1912721,51.535851,,,asphalt,,residential,,both,sidewalk
1E+15,-3.1919427,51.5356251,,,asphalt,,residential,,both,sidewalk
1E+15,-3.2711495,51.4769386,,,,,residential,,both,sidewalk
1E+15,-3.2727531,51.4766114,,,,,residential,,both,sidewalk
1E+15,-3.2750262,51.475609,,,,,residential,,both,sidewalk
1E+15,-3.2757994,51.4738367,,,,,residential,,both,sidewalk
1E+15,-3.2755691,51.4743035,,,,,residential,,no,sidewalk
1E+15,-3.2711732,51.4777208,,,,,residential,,no,sidewalk
1E+15,-3.269246,51.4668559,,,asphalt,,trunk,,left,sidewalk
1E+15,-3.2690498,51.4671877,,,,,tertiary,,left,sidewalk
1E+15,-3.2679496,51.467503,,,,,trunk,,left,sidewalk
1E+15,-3.2687404,51.4673644,,,,,tertiary,,left,sidewalk
1E+15,-3.2922576,51.5321074,,,asphalt,,residential,,both,sidewalk
1E+15,-3.2914901,51.5317429,,,asphalt,,residential,,both,sidewalk
1E+15,-3.2643308,51.4753424,,,,,residential,,both,sidewalk
1E+15,-3.2353087,51.4767938,,,,,residential,,both,sidewalk
1E+15,-3.2367117,51.475902,,,,,residential,,both,sidewalk
1E+15,-3.2613204,51.4751377,,,,,residential,,left,sidewalk
1E+15,-3.2572769,51.4714138,,,,,residential,,both,sidewalk
1E+15,-3.26261,51.473686,,,,,residential,,both,sidewalk
1E+15,-3.2551398,51.4732891,,,,,residential,,both,sidewalk
1E+15,-3.252365,51.4741048,,,,,residential,,no,sidewalk
1E+15,-3.2417023,51.4733897,,,,,residential,,no,sidewalk
1E+15,-3.1877759,51.47346,,,asphalt,,residential,,both,sidewalk
1E+15,-3.3298891,51.5226744,,,asphalt,,residential,,both,sidewalk
1E+15,-3.3262394,51.5257033,,,asphalt,,residential,,both,sidewalk
1E+15,-3.324807,51.5197651,,,asphalt,,residential,,both,sidewalk
1E+15,-3.3241102,51.5199937,,,asphalt,,residential,,both,sidewalk
1E+15,-3.3230465,51.5228513,,,asphalt,,residential,,both,sidewalk
1E+15,-3.3274645,51.5210035,,,asphalt,,residential,,both,sidewalk
1E+15,-3.3293501,51.5212668,,,asphalt,,residential,,both,sidewalk
1E+15,-3.3297991,51.5214,,,asphalt,,residential,,both,sidewalk
1E+15,-3.3288813,51.5220826,,,asphalt,,residential,,both,sidewalk
1E+15,-3.3239131,51.5211056,,,asphalt,,residential,,both,sidewalk
1E+15,-3.3280584,51.5205405,,,asphalt,,residential,,both,sidewalk
1E+15,-3.3275432,51.5246303,,,asphalt,,residential,,both,sidewalk
1E+15,-3.3264598,51.5253766,,,asphalt,,residential,,both,sidewalk
1E+15,-3.2933467,51.528375,,,asphalt,,residential,,both,sidewalk
1E+15,-3.2926382,51.5293755,,,asphalt,,residential,,both,sidewalk
1E+15,-3.2932038,51.5304345,,,asphalt,,residential,,both,sidewalk
1E+15,-3.2956427,51.5312784,,,asphalt,,residential,,both,sidewalk
1E+15,-3.2993334,51.5303773,,,asphalt,,residential,,both,sidewalk
1E+15,-3.2986624,51.5296121,,,asphalt,,residential,,both,sidewalk
1E+15,-3.2950955,51.5290825,,,asphalt,,residential,,both,sidewalk
1E+15,-3.2951062,51.5282415,,,asphalt,,residential,,both,sidewalk
1E+15,-3.3010285,51.5323462,,,asphalt,,residential,,both,sidewalk
1E+15,-3.3017487,51.5321982,,,asphalt,,residential,,both,sidewalk
1E+15,-3.3016195,51.5328499,,,asphalt,,residential,,both,sidewalk
1E+15,-3.2999557,51.5320726,,,asphalt,,residential,,both,sidewalk
1E+15,-3.2484453,51.4928537,,,asphalt,,residential,,both,sidewalk
1E+15,-3.1919205,51.470668,,,asphalt,,residential,,both,sidewalk
1E+15,-3.1907545,51.4707496,,,asphalt,,residential,,both,sidewalk
1E+15,-3.1927699,51.4712852,,,asphalt,,residential,,both,sidewalk
1E+15,-3.1917616,51.4719324,,,asphalt,,residential,,both,sidewalk
1E+15,-3.1890408,51.4741527,,,asphalt,,residential,,both,sidewalk
1E+15,-3.1899816,51.4706042,,,asphalt,,residential,,both,sidewalk
1E+15,-3.1888278,51.4726999,,,asphalt,,tertiary,,both,sidewalk
1E+15,-3.1900616,51.4694778,,,asphalt,,residential,,both,sidewalk
1E+15,-3.1895899,51.4699142,,,asphalt,,residential,,both,sidewalk
1E+15,-3.1860939,51.4493771,,,asphalt,,primary,,none,sidewalk
1E+15,-3.1860656,51.4495246,,,asphalt,,primary,,none,sidewalk
1E+15,-3.244278,51.4689581,,,,,residential,,no,sidewalk
1E+15,-3.2443251,51.469388,,,,,residential,,right,sidewalk
1E+15,-3.2436635,51.4704129,,,,,residential,,both,sidewalk
1E+15,-3.2440395,51.469723,,,,,residential,,both,sidewalk
1E+15,-3.2419673,51.470758,,,,,residential,,both,sidewalk
1E+15,-3.2440395,51.469723,,,,,residential,,both,sidewalk
1E+15,-3.2431609,51.4700229,,,,,residential,,both,sidewalk
1E+15,-3.2427505,51.4705692,,,,,residential,,both,sidewalk
1E+15,-3.2426549,51.4705688,,,,,residential,,both,sidewalk
1E+15,-3.2406678,51.473645,,,,,residential,,left,sidewalk
1E+15,-3.2355045,51.4773465,,,,,residential,,both,sidewalk
1E+15,-3.236045,51.4784028,,,,,residential,,both,sidewalk
1E+15,-3.2576529,51.4804375,,,,,residential,,both,sidewalk
1E+15,-3.256738,51.4806391,,,,,residential,,both,sidewalk
1E+15,-3.2443954,51.469138,,,,,residential,,both,sidewalk
1E+15,-3.1929624,51.5419533,,,asphalt,,residential,,both,sidewalk
1E+15,-3.2647916,51.4743162,,,,,residential,,both,sidewalk
1E+15,-3.2360365,51.4807033,,,,,residential,,left,sidewalk
1E+15,-3.2361134,51.4803957,,,,,residential,,left,sidewalk
1E+15,-3.2381679,51.4779025,,,,,residential,,both,sidewalk
1E+15,-3.2361764,51.4804408,,,,,residential,,left,sidewalk
1E+15,-3.2357057,51.480475,,,,,residential,,left,sidewalk
1E+15,-3.2357017,51.4805393,,,,,residential,,left,sidewalk
1E+15,-3.2361321,51.4806254,,,,,residential,,left,sidewalk
1E+15,-3.0923339,51.5276896,,,asphalt,,residential,,both,sidewalk
1E+15,-3.093381,51.5269019,,,asphalt,,unclassified,,both,sidewalk
1E+15,-3.0961152,51.5286691,,,asphalt,,residential,,both,sidewalk
1E+15,-3.0942545,51.5279297,,,asphalt,,residential,,both,sidewalk
1E+15,-3.0995139,51.5300402,,,asphalt,,residential,,both,sidewalk
1E+15,-3.0930913,51.5289444,,,asphalt,,unclassified,,both,sidewalk
1E+15,-3.0925162,51.5275427,,,asphalt,,residential,,both,sidewalk
1E+15,-3.1009513,51.5291382,,,asphalt,,residential,,both,sidewalk
1E+15,-3.0958198,51.5282174,,,asphalt,,residential,,both,sidewalk
1E+15,-3.093381,51.5269019,,,asphalt,,unclassified,,both,sidewalk
1E+15,-3.0938082,51.5280565,,,asphalt,,residential,,both,sidewalk
1E+15,-3.0947051,51.527897,,,asphalt,,residential,,both,sidewalk
1E+15,-3.09046,51.5264297,,,asphalt,,unclassified,,both,sidewalk
1E+15,-3.0968351,51.5300053,,,asphalt,,residential,,both,sidewalk
1E+15,-3.0998714,51.5288977,,,asphalt,,residential,,both,sidewalk
1E+15,-3.0909586,51.5271884,,,asphalt,,unclassified,,both,sidewalk
1E+15,-3.0934316,51.5284877,,,asphalt,,unclassified,,both,sidewalk
1E+15,-3.0917504,51.526724,,,asphalt,,unclassified,,both,sidewalk
1E+15,-3.0999357,51.5301989,,,asphalt,,residential,,both,sidewalk
1E+15,-3.0948113,51.5275706,,,asphalt,,residential,,both,sidewalk
1E+15,-3.091803,51.5277328,,,asphalt,,residential,,both,sidewalk
1E+15,-3.2485945,51.4864177,,,,,residential,,no,sidewalk
1E+15,-3.2498926,51.4865552,,,,,residential,,both,sidewalk
1E+15,-3.2377233,51.4734369,,,,,residential,,no,sidewalk
1E+15,-3.1869459,51.4707379,,,asphalt,,residential,,both,sidewalk
1E+15,-3.2540981,51.533031,,,asphalt,,primary,,both,sidewalk
1E+15,-3.2396348,51.4869516,,,,,residential,,both,sidewalk
1E+15,-3.2483326,51.4867358,,,,,residential,,both,sidewalk
1E+15,-3.2333941,51.4849226,,,,,residential,,both,sidewalk
1E+15,-3.1255763,51.5127731,,,asphalt,,secondary,,both,sidewalk
1E+15,-3.2487022,51.4654178,,,,,residential,,both,sidewalk
1E+15,-3.2386515,51.472262,,,,,residential,,both,sidewalk
1E+15,-3.2467583,51.4704173,,,,,residential,,both,sidewalk
1E+15,-3.2489812,51.4722907,,,,,residential,,left,sidewalk
1E+15,-3.2462398,51.4730894,,,,,residential,,both,sidewalk
1E+15,-3.2533909,51.4702098,,,,,residential,,left,sidewalk
1E+15,-3.2454193,51.4733592,,,,,residential,,both,sidewalk
1E+15,-3.24903,51.4728796,,,,,residential,,both,sidewalk
1E+15,-3.2480821,51.4726868,,,,,residential,,both,sidewalk
1E+15,-3.247788,51.4738106,,,,,residential,,both,sidewalk
1E+15,-3.248472,51.4733092,,,,,residential,,both,sidewalk
1E+15,-3.248472,51.4733092,,,,,residential,,both,sidewalk
1E+15,-3.2403185,51.4754339,,,,,residential,,both,sidewalk
1E+15,-3.2410855,51.4753701,,,,,residential,,both,sidewalk
1E+15,-3.2605165,51.4706986,,,,,residential,,no,sidewalk
1E+15,-3.259238,51.4713486,,,,,trunk,,left,sidewalk
1E+15,-3.2637758,51.4693784,,,asphalt,,trunk,,both,sidewalk
1E+15,-3.2600173,51.4709805,,,,,residential,,no,sidewalk
1E+15,-3.2607132,51.470905,,,,,residential,,left,sidewalk
1E+15,-3.259351,51.4713904,,,,,trunk,,left,sidewalk
1E+15,-3.2414633,51.4765666,,,,,residential,,both,sidewalk
1E+15,-3.2398136,51.477915,,,,,residential,,both,sidewalk
1E+15,-3.2363419,51.4790643,,,,,residential,,both,sidewalk
1E+15,-3.2376966,51.4782193,,,,,residential,,both,sidewalk
1E+15,-3.2398431,51.4780971,,,,,residential,,both,sidewalk
1E+15,-3.2356063,51.4794921,,,,,residential,,both,sidewalk
1E+15,-3.2432065,51.4814321,,,,,residential,,left,sidewalk
1E+15,-3.2430582,51.4814328,,,,,residential,,left,sidewalk
1E+15,-3.2442119,51.4809936,,,,,residential,,both,sidewalk
1E+15,-3.2675356,51.4742607,,,,,tertiary,,both,sidewalk
1E+15,-3.2641322,51.4752351,,,,,tertiary,,left,sidewalk
1E+15,-3.2638627,51.4760145,,,,,residential,,both,sidewalk
1E+15,-3.2677218,51.4742047,,,,,tertiary,,right,sidewalk
1E+15,-3.2640311,51.475324,,,,,residential,,left,sidewalk
1E+15,-3.2637043,51.4735493,,,,,residential,,both,sidewalk
1E+15,-3.2627543,51.4724663,,,,,residential,,both,sidewalk
1E+15,-3.2691964,51.4721006,,,,,tertiary,,right,sidewalk
1E+15,-3.2702779,51.4756568,,,,,residential,,both,sidewalk
1E+15,-3.2691225,51.4759782,,,,,residential,,both,sidewalk
1E+15,-3.2667149,51.4771533,,,,,residential,,both,sidewalk
1E+15,-3.2664181,51.4770981,,,,,residential,,both,sidewalk
1E+15,-3.2644938,51.4763907,,,,,residential,,both,sidewalk
1E+15,-3.2712068,51.4755409,,,,,residential,,both,sidewalk
1E+15,-3.2717182,51.4754948,,,,,residential,,right,sidewalk
1E+15,-3.2714909,51.4741871,,,,,residential,,both,sidewalk
1E+15,-3.2743354,51.474326,,,,,residential,,both,sidewalk
1E+15,-3.2759267,51.4748946,,,,,residential,,right,sidewalk
1E+15,-3.2770086,51.4743036,,,,,residential,,no,sidewalk
1E+15,-3.2769889,51.4739808,,,,,residential,,no,sidewalk
1E+15,-3.2636663,51.4721183,,,,,residential,,left,sidewalk
1E+15,-3.2627923,51.4760837,,,,,residential,,left,sidewalk
1E+15,-3.2612255,51.478417,,,,,residential,,both,sidewalk
1E+15,-3.2611472,51.4787858,,,,,residential,,both,sidewalk
1E+15,-3.2622054,51.4795466,,,,,residential,,both,sidewalk
1E+15,-3.2610459,51.479223,,,,,residential,,no,sidewalk
1E+15,-3.2617678,51.4773888,,,,,residential,,both,sidewalk
1E+15,-3.263091,51.4774874,,,,,residential,,both,sidewalk
1E+15,-3.2515649,51.4761346,,,,,residential,,no,sidewalk
1E+15,-3.1841812,51.5341763,,,asphalt,,residential,,both,sidewalk
1E+15,-3.1937135,51.5314616,,,asphalt,,residential,,both,sidewalk
1E+15,-3.1911327,51.533057,,,asphalt,,residential,,both,sidewalk
1E+15,-3.191263,51.543776,,,asphalt,,residential,,both,sidewalk
1E+15,-3.2536565,51.4683684,,,,,residential,,right,sidewalk
1E+15,-3.252868,51.4687527,,,,,residential,,both,sidewalk
1E+15,-3.2644529,51.4774877,,,,,residential,,both,sidewalk
1E+15,-3.2642466,51.4772619,,,,,residential,,both,sidewalk
1E+15,-3.0950731,51.5284644,,,asphalt,,residential,,both,sidewalk
1E+15,-3.0955688,51.5294596,,,asphalt,,residential,,both,sidewalk
1E+15,-3.2076838,51.529129,,,asphalt,,residential,,both,sidewalk
1E+15,-3.0876101,51.5198065,,,asphalt,,unclassified,,both,sidewalk
1E+15,-3.0884362,51.5204133,,,asphalt,,unclassified,,both,sidewalk
1E+15,-3.0881948,51.5217218,,,asphalt,,unclassified,,both,sidewalk
1E+15,-3.0899866,51.520647,,,asphalt,,unclassified,,both,sidewalk
1E+15,-3.0889062,51.5195895,,,asphalt,,unclassified,,both,sidewalk
1E+15,-3.0877646,51.5207945,,,asphalt,,unclassified,,both,sidewalk
1E+15,-3.0902151,51.5231337,,,asphalt,,unclassified,,both,sidewalk
1E+15,-3.0884475,51.523144,,,asphalt,,unclassified,,both,sidewalk
1E+15,-3.0899748,51.5233833,,,asphalt,,unclassified,,both,sidewalk
1E+15,-3.0886873,51.5236884,,,asphalt,,unclassified,,both,sidewalk
1E+15,-3.0890478,51.5232859,,,asphalt,,unclassified,,both,sidewalk
1E+15,-3.1979884,51.5359628,,,asphalt,,residential,,both,sidewalk
1E+15,-3.1982274,51.5359683,,,asphalt,,residential,,both,sidewalk
1E+15,-3.196555,51.5442419,,,asphalt,,residential,,both,sidewalk
1E+15,-3.1964005,51.5449332,,,asphalt,,residential,,both,sidewalk
1E+15,-3.1953663,51.5446243,,,asphalt,,residential,,both,sidewalk
1E+15,-3.1962975,51.5445635,,,asphalt,,residential,,both,sidewalk
1E+15,-3.1935552,51.5452047,,,asphalt,,residential,,both,sidewalk
1E+15,-3.1916723,51.5455484,,,asphalt,,residential,,both,sidewalk
1E+15,-3.192242,51.5449092,,,asphalt,,residential,,both,sidewalk
1E+15,-3.1931647,51.5453936,,,asphalt,,residential,,both,sidewalk
1E+15,-3.194362,51.54506,,,asphalt,,residential,,both,sidewalk
1E+15,-3.1932033,51.5448491,,,asphalt,,residential,,both,sidewalk
1E+15,-3.2004241,51.5443244,,,asphalt,,residential,,both,sidewalk
1E+15,-3.1978554,51.5434099,,,asphalt,,residential,,both,sidewalk
1E+15,-3.1990098,51.544324,,,asphalt,,residential,,both,sidewalk
1E+15,-3.2013229,51.5436481,,,asphalt,,residential,,both,sidewalk
1E+15,-3.1982716,51.5436668,,,asphalt,,residential,,both,sidewalk
1E+15,-3.2003402,51.5441639,,,asphalt,,residential,,both,sidewalk
1E+15,-3.1992286,51.5444795,,,asphalt,,residential,,both,sidewalk
1E+15,-3.1997823,51.5434733,,,asphalt,,residential,,both,sidewalk
1E+15,-3.195729,51.542699,,,asphalt,,residential,,both,sidewalk
1E+15,-3.1954259,51.5435851,,,asphalt,,residential,,both,sidewalk
1E+15,-3.1951002,51.5436294,,,asphalt,,residential,,both,sidewalk
1E+15,-3.1962117,51.5424824,,,asphalt,,residential,,both,sidewalk
1E+15,-3.1945208,51.5428514,,,asphalt,,residential,,both,sidewalk
1E+15,-3.195362,51.5436514,,,asphalt,,residential,,both,sidewalk
1E+15,-3.1934012,51.5398199,,,asphalt,,residential,,both,sidewalk
1E+15,-3.1962718,51.5403404,,,asphalt,,residential,,both,sidewalk
1E+15,-3.1924782,51.540522,,,asphalt,,residential,,both,sidewalk
1E+15,-3.1926326,51.5403838,,,asphalt,,residential,,both,sidewalk
1E+15,-3.1951127,51.5395461,,,asphalt,,residential,,both,sidewalk
1E+15,-3.1955208,51.5392294,,,asphalt,,residential,,both,sidewalk
1E+15,-3.195598,51.5400101,,,asphalt,,residential,,both,sidewalk
1E+15,-3.1960186,51.539503,,,asphalt,,residential,,both,sidewalk
1E+15,-3.319766,51.5198198,,,asphalt,,residential,,both,sidewalk
1E+15,-3.3235839,51.5242518,,,asphalt,,residential,,both,sidewalk
1E+15,-3.3228077,51.5204374,,,asphalt,,residential,,both,sidewalk
1E+15,-3.3233184,51.5202705,,,asphalt,,residential,,both,sidewalk
1E+15,-3.322606,51.5199186,,,asphalt,,residential,,both,sidewalk
1E+15,-3.3245109,51.5198218,,,asphalt,,residential,,both,sidewalk
1E+15,-3.3242689,51.519454,,,asphalt,,residential,,both,sidewalk
1E+15,-3.3266127,51.5196406,,,asphalt,,residential,,both,sidewalk
1E+15,-3.3256422,51.5194173,,,asphalt,,residential,,both,sidewalk
1E+15,-3.3276378,51.5197791,,,asphalt,,residential,,both,sidewalk
1E+15,-3.3302127,51.5218787,,,asphalt,,residential,,both,sidewalk
1E+15,-3.3292772,51.5220552,,,asphalt,,residential,,both,sidewalk
1E+15,-3.3264206,51.5208723,,,asphalt,,residential,,both,sidewalk
1E+15,-3.3279167,51.5207972,,,asphalt,,residential,,both,sidewalk
1E+15,-3.3253225,51.5202805,,,asphalt,,residential,,both,sidewalk
1E+15,-3.3253665,51.5199751,,,asphalt,,residential,,both,sidewalk
1E+15,-3.3249567,51.5210268,,,asphalt,,residential,,both,sidewalk
1E+15,-3.0909833,51.5235749,,,asphalt,,unclassified,,both,sidewalk
1E+15,-3.0884641,51.5259159,,,asphalt,,unclassified,,both,sidewalk
1E+15,-3.0892719,51.5248168,,,asphalt,,unclassified,,both,sidewalk
1E+15,-3.0899104,51.5250935,,,asphalt,,unclassified,,both,sidewalk
1E+15,-3.0898846,51.5247945,,,asphalt,,unclassified,,both,sidewalk
1E+15,-3.0880564,51.5253819,,,asphalt,,unclassified,,both,sidewalk
1E+15,-3.0892719,51.5248168,,,asphalt,,residential,,both,sidewalk
1E+15,-3.2026221,51.5412972,,,asphalt,,residential,,both,sidewalk
1E+15,-3.2044407,51.542118,,,asphalt,,residential,,both,sidewalk
1E+15,-3.2023852,51.5402218,,,asphalt,,residential,,both,sidewalk
1E+15,-3.2041,51.5406416,,,asphalt,,residential,,both,sidewalk
1E+15,-3.2036683,51.5399712,,,asphalt,,residential,,both,sidewalk
1E+15,-3.1994833,51.5381126,,,asphalt,,tertiary,,both,sidewalk
1E+15,-3.2035562,51.5375201,,,asphalt,,residential,,both,sidewalk
1E+15,-3.1930277,51.5373786,,,asphalt,,residential,,both,sidewalk
1E+15,-3.1917181,51.532526,,,asphalt,,residential,,both,sidewalk
1E+15,-3.1910349,51.5299422,,,asphalt,,residential,,both,sidewalk
1E+15,-3.1911772,51.5305611,,,asphalt,,residential,,both,sidewalk
1E+15,-3.1904206,51.5300807,,,asphalt,,residential,,both,sidewalk
1E+15,-3.1976116,51.5407302,,,asphalt,,residential,,both,sidewalk
1E+15,-3.1987435,51.5416735,,,asphalt,,residential,,both,sidewalk
1E+15,-3.1995361,51.5394698,,,asphalt,,residential,,both,sidewalk
1E+15,-3.1975271,51.5396033,,,asphalt,,residential,,both,sidewalk
1E+15,-3.1989621,51.5401295,,,asphalt,,residential,,both,sidewalk
1E+15,-3.1901926,51.5439848,,,asphalt,,residential,,both,sidewalk
1E+15,-3.1874461,51.5435661,,,asphalt,,residential,,both,sidewalk
1E+15,-3.1902087,51.5451741,,,asphalt,,residential,,both,sidewalk
1E+15,-3.1874541,51.5443768,,,asphalt,,residential,,both,sidewalk
1E+15,-3.1895216,51.543909,,,asphalt,,residential,,both,sidewalk
1E+15,-3.1892807,51.5435511,,,asphalt,,residential,,both,sidewalk
1E+15,-3.1881059,51.5440431,,,asphalt,,residential,,both,sidewalk
1E+15,-3.1908095,51.5451141,,,asphalt,,residential,,both,sidewalk
1E+15,-3.1889508,51.5435644,,,asphalt,,residential,,both,sidewalk
1E+15,-3.1902356,51.5456712,,,asphalt,,residential,,both,sidewalk
1E+15,-3.1908764,51.5456018,,,asphalt,,residential,,both,sidewalk
1E+15,-3.1886531,51.5435978,,,asphalt,,residential,,both,sidewalk
1E+15,-3.1898922,51.5441165,,,asphalt,,residential,,both,sidewalk
1E+15,-3.189042,51.5424334,,,asphalt,,residential,,both,sidewalk
1E+15,-3.1873221,51.5425262,,,asphalt,,residential,,both,sidewalk
1E+15,-3.1905896,51.5420197,,,asphalt,,residential,,both,sidewalk
1E+15,-3.1884951,51.5427674,,,asphalt,,residential,,both,sidewalk
1E+15,-3.1892458,51.5413424,,,asphalt,,residential,,both,sidewalk
1E+15,-3.188704,51.5404132,,,asphalt,,residential,,both,sidewalk
1E+15,-3.1905923,51.5392371,,,asphalt,,residential,,both,sidewalk
1E+15,-3.1892297,51.5396642,,,asphalt,,residential,,both,sidewalk
1E+15,-3.1889637,51.5400772,,,asphalt,,residential,,both,sidewalk
1E+15,-3.1904153,51.5395107,,,asphalt,,residential,,both,sidewalk
1E+15,-3.1906137,51.5402447,,,asphalt,,residential,,both,sidewalk
1E+15,-3.1882977,51.5371651,,,asphalt,,residential,,both,sidewalk
1E+15,-3.1887738,51.5359955,,,asphalt,,residential,,both,sidewalk
1E+15,-3.1888435,51.5373686,,,asphalt,,residential,,both,sidewalk
1E+15,-3.1891895,51.5369432,,,asphalt,,residential,,both,sidewalk
1E+15,-3.1901605,51.5365094,,,asphalt,,residential,,both,sidewalk
1E+15,-3.1858957,51.5380126,,,asphalt,,residential,,both,sidewalk
1E+15,-3.1891707,51.5377607,,,asphalt,,residential,,both,sidewalk
1E+15,-3.1888979,51.5388501,,,asphalt,,residential,,both,sidewalk
1E+15,-3.1859816,51.5392004,,,asphalt,,residential,,both,sidewalk
1E+15,-3.1861532,51.5387199,,,asphalt,,residential,,both,sidewalk
1E+15,-3.1852681,51.5383512,,,asphalt,,residential,,both,sidewalk
1E+15,-3.1851555,51.5370816,,,asphalt,,residential,,both,sidewalk
1E+15,-3.189535,51.538409,,,asphalt,,residential,,both,sidewalk
1E+15,-3.1869713,51.5400062,,,asphalt,,residential,,both,sidewalk
1E+15,-3.1864483,51.539866,,,asphalt,,residential,,both,sidewalk
1E+15,-3.1882812,51.5380519,,,asphalt,,residential,,both,sidewalk
1E+15,-3.1871993,51.5383979,,,asphalt,,residential,,both,sidewalk
1E+15,-3.1868715,51.5382254,,,asphalt,,residential,,both,sidewalk
1E+15,-3.1897796,51.5376222,,,asphalt,,residential,,both,sidewalk
1E+15,-3.1875641,51.5392805,,,asphalt,,residential,,both,sidewalk
1E+15,-3.1866629,51.5369982,,,asphalt,,residential,,both,sidewalk
1E+15,-3.1873012,51.539177,,,asphalt,,residential,,both,sidewalk
1E+15,-3.1865801,51.5372081,,,asphalt,,residential,,both,sidewalk
1E+15,-3.1973566,51.5391239,,,asphalt,,residential,,both,sidewalk
1E+15,-3.1958857,51.5451436,,,asphalt,,residential,,both,sidewalk
1E+15,-3.2073958,51.5409664,,,asphalt,,residential,,both,sidewalk
1E+15,-3.2074736,51.5406494,,,asphalt,,residential,,both,sidewalk
1E+15,-3.2090212,51.5407495,,,asphalt,,residential,,both,sidewalk
1E+15,-3.2083265,51.5410715,,,asphalt,,residential,,both,sidewalk
1E+15,-3.2042969,51.5416532,,,asphalt,,residential,,both,sidewalk
1E+15,-3.2047263,51.5399799,,,asphalt,,residential,,both,sidewalk
1E+15,-3.2036249,51.5408158,,,asphalt,,residential,,both,sidewalk
1E+15,-3.2040986,51.5389747,,,asphalt,,residential,,both,sidewalk
1E+15,-3.202313,51.5382688,,,asphalt,,residential,,both,sidewalk
1E+15,-3.2038839,51.5382641,,,asphalt,,residential,,both,sidewalk
1E+15,-3.1978253,51.5363818,,,asphalt,,residential,,both,sidewalk
1E+15,-3.2036221,51.5325795,,,asphalt,,residential,,both,sidewalk
1E+15,-3.204648,51.5336424,,,asphalt,,residential,,both,sidewalk
1E+15,-3.2007521,51.5272683,,,asphalt,,residential,,both,sidewalk
1E+15,-3.19947,51.5275303,,,asphalt,,residential,,both,sidewalk
1E+15,-3.2523889,51.4656204,,,,,residential,,both,sidewalk
1E+15,-3.2509751,51.465277,,,,,residential,,both,sidewalk
1E+15,-3.2531424,51.4660022,,,,,residential,,both,sidewalk
1E+15,-3.2498222,51.4652083,,,,,residential,,both,sidewalk
1E+15,-3.2486689,51.4654841,,,,,residential,,both,sidewalk
1E+15,-3.252023,51.465302,,,,,residential,,left,sidewalk
1E+15,-3.2606981,51.4663581,,,,,residential,,both,sidewalk
1E+15,-3.2614357,51.4677166,,,,,residential,,both,sidewalk
1E+15,-3.262844,51.4662887,,,,,residential,,no,sidewalk
1E+15,-3.2624443,51.4664316,,,,,residential,,both,sidewalk
1E+15,-3.2614967,51.4663792,,,,,residential,,both,sidewalk
1E+15,-3.2641431,51.467668,,,,,residential,,both,sidewalk
1E+15,-3.2608269,51.4691067,,,,,residential,,both,sidewalk
1E+15,-3.2538228,51.4682959,,,,,residential,,no,sidewalk
1E+15,-3.3012213,51.5318324,,,asphalt,,residential,,both,sidewalk
1E+15,-3.3013053,51.5314841,,,asphalt,,residential,,both,sidewalk
1E+15,-3.2950438,51.5305988,,,asphalt,,residential,,both,sidewalk
1E+15,-3.2525999,51.4738512,,,,,residential,,both,sidewalk
1E+15,-3.2067233,51.5279456,,,asphalt,,residential,,both,sidewalk
1E+15,-3.1723096,51.478414,,,asphalt,,unclassified,,both,sidewalk
1E+15,-3.1830606,51.4752888,,,asphalt,,residential,,both,sidewalk
1E+15,-3.1889322,51.4755348,,,asphalt,,residential,,both,sidewalk
1E+15,-3.2376902,51.484064,,,,,residential,,no,sidewalk
1E+15,-3.2407957,51.4914827,,,asphalt,,residential,,both,sidewalk
1E+15,-3.2518483,51.4910596,,,asphalt,,residential,,both,sidewalk
1E+15,-3.2410055,51.491245,,,asphalt,,residential,,both,sidewalk
1E+15,-3.2195942,51.4871922,,,,,residential,,both,sidewalk
1E+15,-3.2679323,51.4673616,,,,,trunk,,left,sidewalk
1E+15,-3.1900608,51.4754482,,,asphalt,,residential,,both,sidewalk
1E+15,-3.201153,51.5352523,,,asphalt,,residential,,both,sidewalk
1E+15,-3.1714827,51.4803901,,,asphalt,,unclassified,,both,sidewalk
1E+15,-3.2528219,51.474557,,,,,trunk,,both,sidewalk
1E+15,-3.2391698,51.4769316,,,,,residential,,left,sidewalk
1E+15,-3.2376491,51.4733705,,,,,service,,no,sidewalk
1E+15,-3.2383029,51.4732379,,,,,residential,,left,sidewalk
1E+15,-3.2349775,51.4768241,,,,,residential,,both,sidewalk
1E+15,-3.2407321,51.4737528,,,,,residential,,left,sidewalk
1E+15,-3.2466857,51.469954,,,,,residential,,both,sidewalk
1E+15,-3.2441481,51.4692276,,,,,residential,,no,sidewalk
1E+15,-3.2444752,51.4693292,,,,,residential,,both,sidewalk
1E+15,-3.2445775,51.4692892,,,,,residential,,right,sidewalk
1E+15,-3.2548992,51.4691185,,,,,residential,,both,sidewalk
1E+15,-3.2545317,51.4691575,,,,,residential,,both,sidewalk
1E+15,-3.242111,51.4734634,,,,,residential,,right,sidewalk
1E+15,-3.2351365,51.4770997,,,,,residential,,left,sidewalk
1E+15,-3.2324647,51.4804,,,,,residential,,both,sidewalk
1E+15,-3.2322861,51.4803935,,,,,residential,,right,sidewalk
1E+15,-3.2322425,51.4802455,,,,,residential,,right,sidewalk
1E+15,-3.23288,51.4804634,,,,,residential,,no,sidewalk
1E+15,-3.2356346,51.4801351,,,,,residential,,no,sidewalk
1E+15,-3.2519589,51.4737565,,,,,residential,,left,sidewalk
1E+15,-3.2513643,51.4736587,,,,,residential,,right,sidewalk
1E+15,-3.2515987,51.4738404,,,,,residential,,both,sidewalk
1E+15,-3.2512042,51.4735249,,,,,residential,,both,sidewalk
1E+15,-3.2486329,51.4730266,,,,,residential,,left,sidewalk
1E+15,-3.2484035,51.4729041,,,,,residential,,no,sidewalk
1E+15,-3.2492378,51.4726423,,,,,residential,,right,sidewalk
1E+15,-3.2492296,51.4727253,,,,,residential,,both,sidewalk
1E+15,-3.2480517,51.473438,,,,,residential,,right,sidewalk
1E+15,-3.2481731,51.4735074,,,,,residential,,both,sidewalk
1E+15,-3.2487313,51.4721822,,,,,residential,,both,sidewalk
1E+15,-3.2418616,51.478942,,,,,residential,,both,sidewalk
1E+15,-3.2454928,51.4778318,,,,,residential,,right,sidewalk
1E+15,-3.2430436,51.4806474,,,,,residential,,both,sidewalk
1E+15,-3.2433924,51.4800033,,,,,residential,,right,sidewalk
1E+15,-3.2412161,51.4791487,,,,,residential,,both,sidewalk
1E+15,-3.2581152,51.4685386,,,,,residential,,right,sidewalk
1E+15,-3.252565,51.4669375,,,,,residential,,right,sidewalk
1E+15,-3.2503151,51.4657035,,,,,residential,,left,sidewalk
1E+15,-3.2531424,51.4672191,,,,,residential,,no,sidewalk
1E+15,-3.2514311,51.466277,,,,,residential,,both,sidewalk
1E+15,-3.2536922,51.467759,,,,,residential,,left,sidewalk
1E+15,-3.2506734,51.4714828,,,,,residential,,both,sidewalk
1E+15,-3.2510422,51.4660661,,,,,residential,,both,sidewalk
1E+15,-3.2501818,51.4659308,,,,,residential,,right,sidewalk
1E+15,-3.259577,51.4682041,,,,,residential,,both,sidewalk
1E+15,-3.2385452,51.4776609,,,,,residential,,both,sidewalk
1E+15,-3.264533,51.4661031,,,,,residential,,both,sidewalk
1E+15,-3.2561685,51.4750109,,,,,residential,,both,sidewalk
1E+15,-3.2623173,51.4672884,,,,,residential,,both,sidewalk
1E+15,-3.259941,51.4695978,,,,,residential,,both,sidewalk
1E+15,-3.2582421,51.4707694,,,,,residential,,left,sidewalk
1E+15,-3.2634108,51.4723531,,,,,residential,,both,sidewalk
1E+15,-3.2603902,51.4707559,,,,,residential,,no,sidewalk
1E+15,-3.2606348,51.47077,,,,,residential,,left,sidewalk
1E+15,-3.2567593,51.4700309,,,,,residential,,right,sidewalk
1E+15,-3.2589863,51.4707438,,,,,residential,,both,sidewalk
1E+15,-3.2574212,51.4704948,,,,,residential,,left,sidewalk
1E+15,-3.2635559,51.4662282,,,,,residential,,both,sidewalk
1E+15,-3.2645862,51.4768872,,,,,residential,,left,sidewalk
1E+15,-3.2680312,51.4746405,,,,,residential,,both,sidewalk
1E+15,-3.2672944,51.4748032,,,,,residential,,right,sidewalk
1E+15,-3.2648111,51.4780543,,,,,residential,,both,sidewalk
1E+15,-3.2714238,51.4692563,,,asphalt,,residential,,both,sidewalk
1E+15,-3.276214,51.4773634,,,,,residential,,both,sidewalk
1E+15,-3.275861,51.474114,,,,,residential,,both,sidewalk
1E+15,-3.276933,51.4750502,,,,,residential,,right,sidewalk
1E+15,-3.2755025,51.471402,,,,,residential,,both,sidewalk
1E+15,-3.2743985,51.4696266,,,,,residential,,left,sidewalk
1E+15,-3.2743742,51.4695366,,,,,residential,,both,sidewalk
1E+15,-3.2761177,51.4716404,,,,,residential,,both,sidewalk
1E+15,-3.2723857,51.4765885,,,,,residential,,both,sidewalk
1E+15,-3.2740663,51.4763784,,,,,residential,,both,sidewalk
1E+15,-3.2739226,51.4764563,,,,,residential,,both,sidewalk
1E+15,-3.2751485,51.4736181,,,,,residential,,left,sidewalk
1E+15,-3.2717166,51.4735453,,,,,residential,,both,sidewalk
1E+15,-3.2656139,51.4780265,,,,,residential,,both,sidewalk
1E+15,-3.2733794,51.4785221,,,,,residential,,both,sidewalk
1E+15,-3.2700434,51.470993,,,asphalt,,residential,,both,sidewalk
1E+15,-3.269665,51.4682873,,,asphalt,,residential,,both,sidewalk
1E+15,-3.2707928,51.4692425,,,asphalt,,residential,,both,sidewalk
1E+15,-3.2768897,51.4743342,,,,,residential,,both,sidewalk
1E+15,-3.2744755,51.4739662,,,,,residential,,both,sidewalk
1E+15,-3.2755601,51.474241,,,,,residential,,right,sidewalk
1E+15,-3.275841,51.4740046,,,,,residential,,left,sidewalk
1E+15,-3.2712696,51.4706109,,,asphalt,,residential,,both,sidewalk
1E+15,-3.2688183,51.4689806,,,asphalt,,residential,,both,sidewalk
1E+15,-3.266648,51.4778921,,,,,residential,,both,sidewalk
1E+15,-3.273165,51.4732142,,,,,residential,,both,sidewalk
1E+15,-3.2611192,51.4730814,,,,,residential,,both,sidewalk
1E+15,-3.2496074,51.4784986,,,,,residential,,left,sidewalk
1E+15,-3.2513851,51.4763039,,,,,residential,,left,sidewalk
1E+15,-3.2508498,51.4765077,,,,,residential,,both,sidewalk
1E+15,-3.2624635,51.4761882,,,,,residential,,no,sidewalk
1E+15,-3.2624529,51.4753561,,,,,residential,,both,sidewalk
1E+15,-3.2629165,51.4761846,,,,,residential,,both,sidewalk
1E+15,-3.2626447,51.475949,,,,,residential,,right,sidewalk
1E+15,-3.256077,51.4776121,,,,,residential,,both,sidewalk
1E+15,-3.2588164,51.4777105,,,,,residential,,both,sidewalk
1E+15,-3.257451,51.4778395,,,,,residential,,both,sidewalk
1E+15,-3.2592256,51.477303,,,,,residential,,right,sidewalk
1E+15,-3.257451,51.4778395,,,,,residential,,left,sidewalk
1E+15,-3.2610057,51.4796556,,,,,residential,,no,sidewalk
1E+15,-3.2611437,51.4794986,,,,,residential,,both,sidewalk
1E+15,-3.247776,51.4815213,,,,,residential,,both,sidewalk
1E+15,-3.261078,51.4789081,,,,,residential,,no,sidewalk
1E+15,-3.2586228,51.4773578,,,,,residential,,both,sidewalk
1E+15,-3.2618181,51.4795869,,,,,residential,,no,sidewalk
1E+15,-3.2633285,51.4794375,,,,,residential,,both,sidewalk
1E+15,-3.2622054,51.4795466,,,,,residential,,both,sidewalk
1E+15,-3.2611076,51.4783844,,,,,residential,,no,sidewalk
1E+15,-3.2587618,51.4773605,,,,,residential,,left,sidewalk
1E+15,-3.2349261,51.4813638,,,,,residential,,no,sidewalk
1E+15,-3.2336392,51.4822574,,,,,residential,,both,sidewalk
1E+15,-3.2346369,51.4815296,,,,,residential,,right,sidewalk
1E+15,-3.2351926,51.481202,,,,,residential,,right,sidewalk
1E+15,-3.2327781,51.4819265,,,,,residential,,no,sidewalk
1E+15,-3.2274976,51.4812781,,,,,residential,,no,sidewalk
1E+15,-3.2291567,51.4822186,,,,,residential,,both,sidewalk
1E+15,-3.2294614,51.4824099,,,,,residential,,left,sidewalk
1E+15,-3.2321008,51.4836336,,,,,residential,,both,sidewalk
1E+15,-3.2313139,51.4836918,,,,,residential,,left,sidewalk
1E+15,-3.2286869,51.4819399,,,,,residential,,left,sidewalk
1E+15,-3.2301785,51.4829196,,,,,residential,,both,sidewalk
1E+15,-3.2448108,51.4842071,,,,,residential,,right,sidewalk
1E+15,-3.2423835,51.4841924,,,,,residential,,left,sidewalk
1E+15,-3.249168,51.4878976,,,,,residential,,both,sidewalk
1E+15,-3.2349868,51.4835788,,,,,residential,,both,sidewalk
1E+15,-3.2420549,51.4826667,,,,,residential,,left,sidewalk
1E+15,-3.2429084,51.4827126,,,,,residential,,left,sidewalk
1E+15,-3.2420457,51.4833461,,,,,residential,,left,sidewalk
1E+15,-3.242191,51.4832301,,,,,residential,,left,sidewalk
1E+15,-3.2428306,51.4830389,,,,,residential,,no,sidewalk
1E+15,-3.2425881,51.4825756,,,,,residential,,no,sidewalk
1E+15,-3.2417837,51.4837182,,,,,residential,,both,sidewalk
1E+15,-3.2305105,51.4839342,,,,,residential,,left,sidewalk
1E+15,-3.2386763,51.4833908,,,,,residential,,no,sidewalk
1E+15,-3.2496469,51.4884297,,,,,residential,,both,sidewalk
1E+15,-3.2512325,51.4826434,,,,,residential,,both,sidewalk
1E+15,-3.3285071,51.5276834,,,asphalt,,residential,,both,sidewalk
1E+15,-3.3269494,51.5265594,,,asphalt,,residential,,both,sidewalk
1E+15,-3.2979545,51.5282418,,,asphalt,,residential,,both,sidewalk
1E+15,-3.2967154,51.5274683,,,asphalt,,residential,,both,sidewalk
1E+15,-3.2958606,51.5277012,,,asphalt,,residential,,both,sidewalk
1E+15,-3.2937731,51.5286142,,,asphalt,,residential,,both,sidewalk
1E+15,-3.1144714,51.5226861,,,asphalt,,secondary,,both,sidewalk
1E+15,-3.1152738,51.5210091,,,asphalt,,secondary,,both,sidewalk
1E+15,-3.1215231,51.5161867,,,asphalt,,secondary,,both,sidewalk
1E+15,-3.1179336,51.518098,,,asphalt,,secondary,,both,sidewalk
1E+15,-3.1298361,51.5100213,,,asphalt,,secondary,,right,sidewalk
1E+15,-3.1334088,51.5078244,,,asphalt,,secondary,,left,sidewalk
1E+15,-3.1883955,51.4712002,,,asphalt,,residential,,both,sidewalk
1E+15,-3.1910589,51.4750645,,,asphalt,,residential,,both,sidewalk
1E+15,-3.1878711,51.4715267,,,asphalt,,residential,,both,sidewalk
1E+15,-3.1823155,51.4721096,,,asphalt,,residential,,both,sidewalk
1E+15,-3.2505413,51.4706722,,,,,residential,,right,sidewalk
1E+15,-3.3291716,51.5254353,,,asphalt,,residential,,both,sidewalk
1E+15,-3.3288359,51.5258681,,,asphalt,,residential,,both,sidewalk
1E+15,-3.295367,51.5275467,,,asphalt,,residential,,both,sidewalk
1E+15,-3.3015639,51.5235969,,,asphalt,,unclassified,,both,sidewalk
1E+15,-3.2295427,51.4873434,,,asphalt,,residential,,both,sidewalk
1E+15,-3.2269774,51.4885531,,,,,tertiary,,left,sidewalk
1E+15,-3.1719178,51.4780672,,,asphalt,,unclassified,,both,sidewalk
1E+15,-3.1831942,51.4701826,,,asphalt,,residential,,both,sidewalk
1E+15,-3.2309497,51.4834076,,,,,residential,,both,sidewalk
1E+15,-3.2333828,51.4826199,,,,,residential,,both,sidewalk
1E+15,-3.2323623,51.4837059,,,,,trunk,,both,sidewalk
1E+15,-3.2317988,51.4841719,,,,,trunk,,both,sidewalk
1E+15,-3.2207733,51.4861211,,,asphalt,,residential,,left,sidewalk
1E+15,-3.1887184,51.5275845,,,concrete,,residential,,both,sidewalk
1E+15,-3.1997519,51.5347115,,,asphalt,,residential,,both,sidewalk
1E+15,-3.226753,51.48845,,,,,tertiary,,left,sidewalk
1E+15,-3.2244134,51.4847471,,,,,residential,,both,sidewalk
1E+15,-3.2317616,51.4871513,,,asphalt,,residential,,both,sidewalk
1E+15,-3.2686577,51.4677431,,,,,tertiary,,both,sidewalk
1E+15,-3.2194113,51.4829297,,,asphalt,,tertiary,,left,sidewalk
1E+15,-3.2043504,51.4754496,,,,,secondary,,right,sidewalk
1E+15,-3.2022833,51.5337384,,,asphalt,,residential,,both,sidewalk
1E+15,-3.2044194,51.5320429,,,asphalt,,residential,,both,sidewalk
1E+15,-3.1906765,51.471537,,,asphalt,,tertiary,,both,sidewalk
1E+15,-3.2083411,51.5272081,,,asphalt,,service,,both,sidewalk
1E+15,-3.2508081,51.5315967,,,asphalt,,primary,,both,sidewalk
1E+15,-3.229413,51.485014,,,,,trunk,,both,sidewalk
1E+15,-3.2308624,51.4845955,,,,,trunk,,both,sidewalk
1E+15,-3.2322269,51.483652,,,,,residential,,both,sidewalk
1E+15,-3.2238761,51.4838427,,,,,primary,,both,sidewalk
1E+15,-3.1712306,51.4805791,,,asphalt,,unclassified,,both,sidewalk
1E+15,-3.1720775,51.4800908,,,asphalt,,unclassified,,both,sidewalk
1E+15,-3.1725219,51.4799315,,,asphalt,,unclassified,,both,sidewalk
1E+15,-3.1713791,51.4802264,,,asphalt,,unclassified,,left,sidewalk
1E+15,-3.1709987,51.4794568,,,asphalt,,unclassified,,left,sidewalk
1E+15,-3.1127523,51.5247266,,,asphalt,,secondary,,both,sidewalk
1E+15,-3.1305473,51.5095905,,,asphalt,,secondary,,left,sidewalk
1E+15,-3.1309333,51.5093865,,,asphalt,,secondary,,right,sidewalk
1E+15,-3.1746764,51.4768314,,,asphalt,,service,,both,sidewalk
1E+15,-3.2263209,51.4844507,,,,,primary,,both,sidewalk
1E+15,-3.2280858,51.484905,,,,,primary,,both,sidewalk
1E+15,-3.2053583,51.5424169,,,asphalt,,residential,,both,sidewalk
1E+15,-3.1830921,51.5156068,,,asphalt,,tertiary,,both,sidewalk
1E+15,-3.1820663,51.513722,,,asphalt,,tertiary,,both,sidewalk
1E+15,-3.1843949,51.5174303,,,asphalt,,tertiary,,both,sidewalk
1E+15,-3.1904801,51.5430537,,,asphalt,,residential,,both,sidewalk
1E+15,-3.170937,51.4795129,,,asphalt,,unclassified,,left,sidewalk
1E+15,-3.1714099,51.4804422,,,asphalt,,unclassified,,both,sidewalk
1E+15,-3.171508,51.4805287,,,asphalt,,unclassified,,left,sidewalk
1E+15,-3.175454,51.4766258,,,asphalt,,service,,both,sidewalk
1E+15,-3.210615,51.4884944,,,,,tertiary,,both,sidewalk
1E+15,-3.2162271,51.4892428,,,,,tertiary,,both,sidewalk
1E+15,-3.2191589,51.4829827,,,asphalt,,tertiary,,left,sidewalk
1E+15,-3.2195905,51.4827907,,,,,primary,,left,sidewalk
1E+15,-3.2607731,51.4754617,,,,,tertiary,,left,sidewalk
1E+15,-3.2378688,51.4843044,,,,,residential,,both,sidewalk
1E+15,-3.2327998,51.4835547,,,,,residential,,both,sidewalk
1E+15,-3.2327033,51.4836146,,,,,service,,both,sidewalk
1E+15,-3.2604973,51.4708295,,,,,trunk,,left,sidewalk
1E+15,-3.2596891,51.4710572,,,,,trunk,,left,sidewalk
1E+15,-3.2603902,51.4707559,,,,,trunk,,left,sidewalk
1E+15,-3.2607868,51.470583,,,,,trunk,,left,sidewalk
1E+15,-3.1300669,51.5098748,,,asphalt,,secondary,,left,sidewalk
1E+15,-3.2285096,51.485062,,,,,primary,,both,sidewalk
1E+15,-3.1897665,51.5459985,,,asphalt,,unclassified,,both,sidewalk
1E+15,-3.1151545,51.5212364,,,asphalt,,secondary,,both,sidewalk
1E+15,-3.1836004,51.5177615,,,asphalt,,tertiary,,both,sidewalk
1E+15,-3.0945342,51.5299253,,,asphalt,,unclassified,,both,sidewalk
1E+15,-3.230197,51.4856808,,,asphalt,,residential,,both,sidewalk
1E+15,-3.2307093,51.4907945,,,asphalt,,residential,,both,sidewalk
1E+15,-3.2295059,51.4995428,,,,down,steps,,,steps
1E+15,-3.16338,51.4716899,,,paved,,steps,,,steps
1E+15,-3.1655791,51.4722931,,,paved,,steps,,,steps
1E+15,-3.1670402,51.4613977,,8,paved,,steps,,,steps
1E+15,-3.1673438,51.4601258,,17,,,steps,,,steps
1E+15,-3.1671832,51.4609856,,15,,,steps,,,steps
1E+15,-3.268119,51.4867777,,3,,,steps,,,steps
1E+15,-3.2683901,51.4873453,,5,,,steps,,,steps
1E+15,-3.2701702,51.488593,,4,,,steps,,,steps
1E+15,-3.2231247,51.4833674,,32,,,steps,,,steps
1E+15,-3.195902,51.5373333,,,,down,steps,,,steps
1E+15,-3.2689681,51.5261604,,,unpaved,,steps,,,steps
1E+15,-3.260023,51.527699,,,asphalt,,steps,,,steps
1E+15,-3.1696112,51.4775082,,41,,,steps,,,steps
1E+15,-3.1697717,51.4777422,,40,,,steps,,,steps
1E+15,-3.1764479,51.4761874,,,,down,steps,,,steps
1E+15,-3.1596311,51.464099,,7,paved,,steps,,,steps
1E+15,-3.160196,51.4642814,,8,,,steps,,,steps
1E+15,-3.1600828,51.4647139,,11,,,steps,,,steps
1E+15,-3.1601391,51.4650323,,12,paved,,steps,,,steps